portfolio_name,market,ablation,reference_strategy,cumulative_return,delta_cumulative_return,sharpe,delta_sharpe,information_ratio,delta_information_ratio,model_score,delta_model_score
cn_consumption_financial_core,cn,equal_weight,smart_policy_oos_guard,0.20010356716316147,0.047906648856183676,0.6320657083410323,0.14102996876067075,-1.026654354472067,0.15269637955387738,53.5,2.200000000000003
cn_consumption_financial_core,cn,inverse_volatility,smart_policy_oos_guard,0.20500032970034887,0.05280341139337108,0.6452903521103422,0.15425461252998074,-1.00913513932819,0.17021559469775438,53.7,2.4000000000000057
cn_consumption_financial_core,cn,mean_variance,smart_policy_oos_guard,0.11568491581992979,-0.036512002487048,0.375722377638801,-0.1153133619415605,-1.2184450412516818,-0.03909430722573748,49.9,-1.3999999999999986
cn_consumption_financial_core,cn,raw_black_litterman,smart_policy_oos_guard,0.11134238593693091,-0.04085453237004688,0.36701903050053175,-0.12401670907982976,-1.293691911160264,-0.11434117713431968,49.5,-1.7999999999999972
cn_consumption_financial_core,cn,smart_policy,smart_policy_oos_guard,0.11400040278977386,-0.03819651551720393,0.37518492534716374,-0.11585081423319776,-1.283072530058171,-0.10372179603222653,49.6,-1.6999999999999957
cn_consumption_financial_core,cn,smart_policy_oos_guard,smart_policy_oos_guard,0.1521969183069778,0.0,0.4910357395803615,0.0,-1.1793507340259444,0.0,51.3,0.0
cn_new_energy_healthcare,cn,equal_weight,smart_policy_oos_guard,0.04241451055158918,-0.02060839236680545,0.13791765889404128,-0.05704866561095506,-0.7857942699148407,-0.15765446275864758,46.1,-1.0
cn_new_energy_healthcare,cn,inverse_volatility,smart_policy_oos_guard,0.030305505249221376,-0.032717397669173254,0.10065326203877954,-0.0943130624662168,-0.8686636468828675,-0.24052383972667435,45.3,-1.8000000000000043
cn_new_energy_healthcare,cn,mean_variance,smart_policy_oos_guard,0.1421127804122979,0.07908987749390328,0.36766527278638556,0.1726989482813892,-0.2059114872198276,0.4222283199363655,51.2,4.100000000000001
cn_new_energy_healthcare,cn,raw_black_litterman,smart_policy_oos_guard,0.060743594690385816,-0.002279308228008814,0.18485905358511384,-0.010107270919882505,-0.6172519906592668,0.010887816496926273,46.9,-0.20000000000000284
cn_new_energy_healthcare,cn,smart_policy,smart_policy_oos_guard,0.060839505707311003,-0.0021833972110836264,0.1852178406075934,-0.00974848389740296,-0.6172912828229862,0.010848524333206933,46.9,-0.20000000000000284
cn_new_energy_healthcare,cn,smart_policy_oos_guard,smart_policy_oos_guard,0.06302290291839463,0.0,0.19496632450499635,0.0,-0.6281398071561931,0.0,47.1,0.0
cn_state_owned_defensive,cn,equal_weight,smart_policy_oos_guard,0.17185244509012398,0.033135347698759476,0.5830487111667074,0.06779449527021653,-0.6751557285100286,0.09010236570597308,55.9,0.19999999999999574
cn_state_owned_defensive,cn,inverse_volatility,smart_policy_oos_guard,0.16088613028855137,0.022169032897186858,0.587090036791919,0.07183582089542806,-0.722661803751602,0.04259629046439961,56.7,1.0
cn_state_owned_defensive,cn,mean_variance,smart_policy_oos_guard,0.09790403877371379,-0.04081305861765072,0.3681010653949799,-0.147153150501511,-0.8548184460247304,-0.08956035180872879,53.7,-2.0
cn_state_owned_defensive,cn,raw_black_litterman,smart_policy_oos_guard,0.1216033137823378,-0.01711378360902671,0.463716806946137,-0.05153740895035391,-0.8006153429135302,-0.03535724869752854,55.3,-0.4000000000000057
cn_state_owned_defensive,cn,smart_policy,smart_policy_oos_guard,0.12188014600385721,-0.016836951387507293,0.4646159341074324,-0.05063828178905849,-0.801448009345408,-0.03618991512940639,55.3,-0.4000000000000057
cn_state_owned_defensive,cn,smart_policy_oos_guard,smart_policy_oos_guard,0.1387170973913645,0.0,0.5152542158964909,0.0,-0.7652580942160017,0.0,55.7,0.0
hk_china_etf_cross_asset,hk,equal_weight,smart_policy_oos_guard,0.00022893123127598614,-0.016222608292944196,0.0031330639154007393,-0.2336870135562164,0.03556845557462439,-0.7955479711756204,55.4,-9.399999999999999
hk_china_etf_cross_asset,hk,inverse_volatility,smart_policy_oos_guard,0.010608023065673544,-0.005843516458546638,0.15149208801801708,-0.08532798945360007,0.49395524896899395,-0.3371611777812508,61.4,-3.3999999999999986
hk_china_etf_cross_asset,hk,mean_variance,smart_policy_oos_guard,0.0238084679656545,0.007356928441434318,0.3385299695865698,0.10170989211495263,1.1353227745173406,0.3042063477670959,67.7,2.9000000000000057
hk_china_etf_cross_asset,hk,raw_black_litterman,smart_policy_oos_guard,0.022705760732782965,0.006254221208562782,0.3279722209770454,0.09115214350542827,1.139376994045192,0.30826056729494733,68.5,3.700000000000003
hk_china_etf_cross_asset,hk,smart_policy,smart_policy_oos_guard,0.016451539524220182,0.0,0.23682007747161715,0.0,0.8311164267502448,0.0,64.8,0.0
hk_china_etf_cross_asset,hk,smart_policy_oos_guard,smart_policy_oos_guard,0.016451539524220182,0.0,0.23682007747161715,0.0,0.8311164267502448,0.0,64.8,0.0
hk_consumption_insurance_mix,hk,equal_weight,smart_policy_oos_guard,0.004484620107463089,-0.08261003739879569,0.012919390727632284,-0.28663668720123403,-1.440876108710903,-0.5636138644623124,42.6,-8.100000000000001
hk_consumption_insurance_mix,hk,inverse_volatility,smart_policy_oos_guard,0.11714892736955806,0.030054269863299288,0.4069580611594014,0.10740198323053513,-0.7584177988139441,0.11884444543464645,52.9,2.1999999999999957
hk_consumption_insurance_mix,hk,mean_variance,smart_policy_oos_guard,0.07213774578713017,-0.014956911719128607,0.23969076278191137,-0.05986531514695492,-0.8311729962312322,0.046089248017358364,50.1,-0.6000000000000014
hk_consumption_insurance_mix,hk,raw_black_litterman,smart_policy_oos_guard,0.08330924696157971,-0.0037854105446790687,0.2968064261951169,-0.002749651733749414,-0.8815192430550759,-0.004256998806485335,51.3,0.5999999999999943
hk_consumption_insurance_mix,hk,smart_policy,smart_policy_oos_guard,0.08709465750625878,0.0,0.2995560779288663,0.0,-0.8772622442485906,0.0,50.7,0.0
hk_consumption_insurance_mix,hk,smart_policy_oos_guard,smart_policy_oos_guard,0.08709465750625878,0.0,0.2995560779288663,0.0,-0.8772622442485906,0.0,50.7,0.0
hk_income_property_credit,hk,equal_weight,smart_policy_oos_guard,0.5490401132913314,0.008475161844126555,1.7980190377993068,-0.2730064441376543,0.09390115125595494,0.0271416480675198,73.0,-4.099999999999994
hk_income_property_credit,hk,inverse_volatility,smart_policy_oos_guard,0.4817961498741532,-0.05876880157305164,1.8623313449833272,-0.20869413695363392,-0.06324523753547592,-0.13000474072391105,74.3,-2.799999999999997
hk_income_property_credit,hk,mean_variance,smart_policy_oos_guard,0.5953139406875838,0.054748989240378965,1.9876066477761185,-0.08341883416084261,0.1863091414590617,0.11954963827062655,76.5,-0.5999999999999943
hk_income_property_credit,hk,raw_black_litterman,smart_policy_oos_guard,0.5428960561858236,0.00233110473861875,2.03787286739165,-0.03315261454531093,0.07228116152498971,0.005521658336554575,77.0,-0.09999999999999432
hk_income_property_credit,hk,smart_policy,smart_policy_oos_guard,0.5405649514472048,0.0,2.071025481936961,0.0,0.06675950318843514,0.0,77.1,0.0
hk_income_property_credit,hk,smart_policy_oos_guard,smart_policy_oos_guard,0.5405649514472048,0.0,2.071025481936961,0.0,0.06675950318843514,0.0,77.1,0.0
hk_platform_financial_core,hk,equal_weight,smart_policy_oos_guard,0.44600132900635936,-0.09805332948475054,1.3245148963045428,-0.42287049502211027,1.1976364920245899,-0.30427292983908427,74.8,-7.6000000000000085
hk_platform_financial_core,hk,inverse_volatility,smart_policy_oos_guard,0.4578003183909669,-0.08625434010014299,1.5587550399933623,-0.18863035133329076,1.2595183375111518,-0.24239108435252232,79.3,-3.1000000000000085
hk_platform_financial_core,hk,mean_variance,smart_policy_oos_guard,0.5966719452600278,0.05261728676891786,1.836071169661741,0.08868577833508806,1.6768944894989493,0.1749850676352751,82.7,0.29999999999999716
hk_platform_financial_core,hk,raw_black_litterman,smart_policy_oos_guard,0.538610340642087,-0.005444317849022884,1.7416838967000179,-0.005701494626635162,1.4627338524036657,-0.03917556946000844,82.3,-0.10000000000000853
hk_platform_financial_core,hk,smart_policy,smart_policy_oos_guard,0.5440546584911099,0.0,1.747385391326653,0.0,1.5019094218636742,0.0,82.4,0.0
hk_platform_financial_core,hk,smart_policy_oos_guard,smart_policy_oos_guard,0.5440546584911099,0.0,1.747385391326653,0.0,1.5019094218636742,0.0,82.4,0.0
jp_auto_electronics_core,jp,equal_weight,smart_policy_oos_guard,0.4961402139706508,0.05783879808357839,1.0603379957249424,0.10851782842373026,-0.5382908560745003,0.16642992242380983,55.4,2.1999999999999957
jp_auto_electronics_core,jp,inverse_volatility,smart_policy_oos_guard,0.43069200196725177,-0.007609413919820618,1.0089417168373627,0.05712154953615056,-0.7126761460564945,-0.007955367558184379,55.2,2.0
jp_auto_electronics_core,jp,mean_variance,smart_policy_oos_guard,0.46255130548393497,0.024249889596862584,0.8539932899743369,-0.09782687732687523,-0.518322798999152,0.18639797949915815,50.0,-3.200000000000003
jp_auto_electronics_core,jp,raw_black_litterman,smart_policy_oos_guard,0.40355793065220014,-0.03474348523487225,0.881475195110109,-0.07034497219110314,-0.7841342547595758,-0.0794134762612656,51.8,-1.4000000000000057
jp_auto_electronics_core,jp,smart_policy,smart_policy_oos_guard,0.4029537997296089,-0.03534761615746351,0.880136603456848,-0.07168356384436414,-0.7851842160214275,-0.08046343752311735,51.8,-1.4000000000000057
jp_auto_electronics_core,jp,smart_policy_oos_guard,smart_policy_oos_guard,0.4383014158870724,0.0,0.9518201673012121,0.0,-0.7047207784983102,0.0,53.2,0.0
jp_defensive_domestic,jp,equal_weight,smart_policy_oos_guard,0.08303142429285226,0.012713953275455436,0.344422120246968,0.04648235938250478,-1.2292852122208413,0.03984921745286618,53.0,0.7999999999999972
jp_defensive_domestic,jp,inverse_volatility,smart_policy_oos_guard,0.0895950748914327,0.019277603874035876,0.38357419624361183,0.08563443537914861,-1.2200505647375328,0.04908386493617467,53.8,1.5999999999999943
jp_defensive_domestic,jp,mean_variance,smart_policy_oos_guard,0.06469831951136396,-0.005619151506032871,0.2429743731727231,-0.054965387691740114,-1.253632825371915,0.015501604301792593,49.6,-2.6000000000000014
jp_defensive_domestic,jp,raw_black_litterman,smart_policy_oos_guard,0.06817499346827849,-0.002142477549118338,0.28739339043990825,-0.010546370424554974,-1.2714965762581358,-0.0023621465844283485,51.9,-0.30000000000000426
jp_defensive_domestic,jp,smart_policy,smart_policy_oos_guard,0.0655026354184074,-0.004814835598989431,0.2761077502829646,-0.02183201058149864,-1.279363883240468,-0.010229453566760416,51.7,-0.5
jp_defensive_domestic,jp,smart_policy_oos_guard,smart_policy_oos_guard,0.07031747101739683,0.0,0.2979397608644632,0.0,-1.2691344296737075,0.0,52.2,0.0
jp_financial_industrial_mix,jp,equal_weight,smart_policy_oos_guard,0.7434694548995742,-0.14639785543178374,1.425301413150423,-0.09830306315110948,0.10578402853486861,-0.2249011028077294,62.7,-1.5
jp_financial_industrial_mix,jp,inverse_volatility,smart_policy_oos_guard,0.7454209621963899,-0.14444634813496804,1.4312751552428262,-0.09232932105870617,0.10894597882562058,-0.22173915251697746,62.8,-1.4000000000000057
jp_financial_industrial_mix,jp,mean_variance,smart_policy_oos_guard,0.901108992311251,0.011241681979893059,1.4508500961341142,-0.0727543801674182,0.3222788633814004,-0.008406267961197644,63.2,-1.0
jp_financial_industrial_mix,jp,raw_black_litterman,smart_policy_oos_guard,0.907473562221984,0.017606251890626146,1.5380712026258017,0.014466726324269263,0.3535784224254591,0.02289329108286109,64.4,0.20000000000000284
jp_financial_industrial_mix,jp,smart_policy,smart_policy_oos_guard,0.8898673103313579,0.0,1.5236044763015324,0.0,0.330685131342598,0.0,64.2,0.0
jp_financial_industrial_mix,jp,smart_policy_oos_guard,smart_policy_oos_guard,0.8898673103313579,0.0,1.5236044763015324,0.0,0.330685131342598,0.0,64.2,0.0
jp_index_style_blend,jp,equal_weight,smart_policy_oos_guard,-0.011236184551846051,0.003071475802086332,-0.016189496223352945,0.004185860155035408,-0.9188797462887147,-0.0045628292308486085,33.3,0.09999999999999432
jp_index_style_blend,jp,inverse_volatility,smart_policy_oos_guard,-0.31762524649814794,-0.30331758614421556,-0.2963420913737007,-0.2759667349953124,-0.8599348756919467,0.0543820413659194,25.0,-8.200000000000003
jp_index_style_blend,jp,mean_variance,smart_policy_oos_guard,-0.10534077734657943,-0.09103311699264705,-0.13215551500745254,-0.11178015862906418,-0.8980311393180535,0.016285777739812657,30.7,-2.5000000000000036
jp_index_style_blend,jp,raw_black_litterman,smart_policy_oos_guard,-0.07152211927339358,-0.0572144589194612,-0.09500432198949321,-0.07462896561110485,-0.9140098094804465,0.0003071075774195853,31.8,-1.4000000000000021
jp_index_style_blend,jp,smart_policy,smart_policy_oos_guard,-0.07153870573242893,-0.05723104537849655,-0.09502409567396598,-0.07464873929557764,-0.9140069996156448,0.000309917442221308,31.8,-1.4000000000000021
jp_index_style_blend,jp,smart_policy_oos_guard,smart_policy_oos_guard,-0.014307660353932383,0.0,-0.020375356378388353,0.0,-0.9143169170578661,0.0,33.2,0.0
tw_defensive_income_financials,tw,equal_weight,smart_policy_oos_guard,0.39164627672596186,0.07178043407772661,1.2581162364586438,0.07055854835583197,-1.142087479359605,0.22316601110811374,59.3,0.5
tw_defensive_income_financials,tw,inverse_volatility,smart_policy_oos_guard,0.30432895306907715,-0.015536889579158109,1.1871159969302705,-0.0004416911725413364,-1.3585587876710765,0.0066947027966421935,59.3,0.5
tw_defensive_income_financials,tw,mean_variance,smart_policy_oos_guard,0.39021674069416035,0.07035089804592509,1.2555978567851487,0.06804016868233687,-1.1297014693308014,0.2355520211369173,59.2,0.4000000000000057
tw_defensive_income_financials,tw,raw_black_litterman,smart_policy_oos_guard,0.27707571518006446,-0.04279012746817079,1.0527811479442735,-0.13477654015853835,-1.4305771258177502,-0.0653236353500315,57.4,-1.3999999999999986
tw_defensive_income_financials,tw,smart_policy,smart_policy_oos_guard,0.28507681938416307,-0.03478902326407218,1.076626631910262,-0.11093105619254984,-1.419496377104341,-0.054242886636622245,57.5,-1.2999999999999972
tw_defensive_income_financials,tw,smart_policy_oos_guard,smart_policy_oos_guard,0.31986584264823525,0.0,1.1875576881028118,0.0,-1.3652534904677187,0.0,58.8,0.0
tw_electronics_supply_chain,tw,equal_weight,smart_policy_oos_guard,1.100282286173369,-0.12916223750030875,2.00799649692687,-0.13945914437225548,0.33719611436230673,-0.2236291251547779,68.5,-2.0
tw_electronics_supply_chain,tw,inverse_volatility,smart_policy_oos_guard,1.0907834970254076,-0.13866102664827018,1.9756882678519805,-0.1717673734471452,0.31133834498558377,-0.24948689453150086,67.7,-2.799999999999997
tw_electronics_supply_chain,tw,mean_variance,smart_policy_oos_guard,1.3423307033578507,0.11288617968417292,2.1828197199055537,0.035364078606427984,0.6204906681555895,0.05966542863850488,71.3,0.7999999999999972
tw_electronics_supply_chain,tw,raw_black_litterman,smart_policy_oos_guard,1.2268946422649036,-0.0025498814087741017,2.1448980898890233,-0.0025575514101023877,0.5571437250060983,-0.0036815145109863057,70.5,0.0
tw_electronics_supply_chain,tw,smart_policy,smart_policy_oos_guard,1.2294445236736777,0.0,2.1474556412991257,0.0,0.5608252395170846,0.0,70.5,0.0
tw_electronics_supply_chain,tw,smart_policy_oos_guard,smart_policy_oos_guard,1.2294445236736777,0.0,2.1474556412991257,0.0,0.5608252395170846,0.0,70.5,0.0
tw_index_factor_mix,tw,equal_weight,smart_policy_oos_guard,0.5488126932041555,-0.13868642647999074,5.196726815032772,-0.2388294268922344,-1.8978906195142486,-1.1975322642177217,68.8,-2.0
tw_index_factor_mix,tw,inverse_volatility,smart_policy_oos_guard,0.5182149929611972,-0.169284126722949,5.051140896734002,-0.3844153451910044,-2.0253942134229126,-1.3250358581263857,68.9,-1.8999999999999915
tw_index_factor_mix,tw,mean_variance,smart_policy_oos_guard,0.7526132572068007,0.06511413752265449,5.7955744114945755,0.3600181695695692,0.3204739914525223,1.0208323467490492,77.8,7.0
tw_index_factor_mix,tw,raw_black_litterman,smart_policy_oos_guard,0.7060104617098415,0.018511342025695265,5.524844312654804,0.08928807072979783,-0.4208592341511997,0.2794991211453272,71.9,1.1000000000000085
tw_index_factor_mix,tw,smart_policy,smart_policy_oos_guard,0.6874991196841462,0.0,5.435556241925006,0.0,-0.7003583552965269,0.0,70.8,0.0
tw_index_factor_mix,tw,smart_policy_oos_guard,smart_policy_oos_guard,0.6874991196841462,0.0,5.435556241925006,0.0,-0.7003583552965269,0.0,70.8,0.0
tw_semiconductor_platform_core,tw,equal_weight,smart_policy_oos_guard,0.9725836985409677,-0.018980060639818275,2.072773541338682,0.04530108117060738,0.05509575619925881,-0.06229378301248622,68.7,0.4000000000000057
tw_semiconductor_platform_core,tw,inverse_volatility,smart_policy_oos_guard,0.9037957858683794,-0.0877679733124066,1.999315500583116,-0.028156959584958674,-0.14146908168739727,-0.2588586208991423,66.5,-1.7999999999999972
tw_semiconductor_platform_core,tw,mean_variance,smart_policy_oos_guard,0.7355291634778349,-0.25603459570295106,1.4303220927553615,-0.5971503674127132,-0.5811083542155436,-0.6984978934272886,54.9,-13.399999999999999
tw_semiconductor_platform_core,tw,raw_black_litterman,smart_policy_oos_guard,0.944289225632805,-0.047274533547980946,1.8857442779323663,-0.14172818223570838,-0.022498097970865133,-0.13988763718261016,65.1,-3.200000000000003
tw_semiconductor_platform_core,tw,smart_policy,smart_policy_oos_guard,0.945819811614244,-0.04574394756654199,1.8886475063469679,-0.13882495382110682,-0.01815301178100208,-0.1355425509927471,65.2,-3.0999999999999943
tw_semiconductor_platform_core,tw,smart_policy_oos_guard,smart_policy_oos_guard,0.991563759180786,0.0,2.0274724601680747,0.0,0.11738953921174503,0.0,68.3,0.0
us_ai_infrastructure_barbell,us,equal_weight,smart_policy_oos_guard,0.8458420083015201,0.1386456642460463,1.5718448885787517,0.09773221917890274,1.086991376697373,0.12770081975486547,70.7,0.4000000000000057
us_ai_infrastructure_barbell,us,inverse_volatility,smart_policy_oos_guard,0.6507226564659563,-0.05647368758951754,1.5658481860074414,0.09173551660759238,1.0308147219848551,0.07152416504234771,73.9,3.6000000000000085
us_ai_infrastructure_barbell,us,mean_variance,smart_policy_oos_guard,0.6778458616266614,-0.02935048242881244,1.3297002691641058,-0.1444124002357432,0.7351509400438073,-0.2241396168987001,66.5,-3.799999999999997
us_ai_infrastructure_barbell,us,raw_black_litterman,smart_policy_oos_guard,0.5635370421978703,-0.14365930185760356,1.319711882027592,-0.15440078737225704,0.6705387574952382,-0.28875179944726925,67.6,-2.700000000000003
us_ai_infrastructure_barbell,us,smart_policy,smart_policy_oos_guard,0.5741940969106551,-0.13300224714481867,1.3407811867415156,-0.1333314826583334,0.7022302464025297,-0.2570603105399777,68.0,-2.299999999999997
us_ai_infrastructure_barbell,us,smart_policy_oos_guard,smart_policy_oos_guard,0.7071963440554738,0.0,1.474112669399849,0.0,0.9592905569425074,0.0,70.3,0.0
us_dividend_low_volatility,us,equal_weight,smart_policy_oos_guard,0.06904940218670808,-0.026032573879956944,0.33758944242605654,-0.15581127567130126,-0.9138864584299765,0.049275385548236295,54.0,-1.6000000000000014
us_dividend_low_volatility,us,inverse_volatility,smart_policy_oos_guard,0.07535851957744355,-0.01972345648922147,0.3757629293630402,-0.11763778873431763,-0.9259118376433978,0.03725000633481501,54.5,-1.1000000000000014
us_dividend_low_volatility,us,mean_variance,smart_policy_oos_guard,0.13740800413127374,0.04232602806460872,0.6959146929270191,0.20251397482966133,-0.8360411033665512,0.12712074061166156,58.3,2.6999999999999957
us_dividend_low_volatility,us,raw_black_litterman,smart_policy_oos_guard,0.09271692637930129,-0.0023650496873637294,0.48167535294484876,-0.011725365152509049,-0.9732508893595008,-0.010089045381287964,55.5,-0.10000000000000142
us_dividend_low_volatility,us,smart_policy,smart_policy_oos_guard,0.09508197606666502,0.0,0.4934007180973578,0.0,-0.9631618439782128,0.0,55.6,0.0
us_dividend_low_volatility,us,smart_policy_oos_guard,smart_policy_oos_guard,0.09508197606666502,0.0,0.4934007180973578,0.0,-0.9631618439782128,0.0,55.6,0.0
us_mid_small_sector_mix,us,equal_weight,smart_policy_oos_guard,0.18507250588116908,-0.0024600631788771476,0.7142152614281433,-0.07516180216078838,-0.8901277857878338,-0.09032050834702232,54.3,-2.8000000000000043
us_mid_small_sector_mix,us,inverse_volatility,smart_policy_oos_guard,0.1748617800078347,-0.012670789052211529,0.7061809142177007,-0.08319614937123099,-0.9027987604150184,-0.1029914829742069,54.7,-2.3999999999999986
us_mid_small_sector_mix,us,mean_variance,smart_policy_oos_guard,0.18169734884273048,-0.005835220217315751,0.788160041090033,-0.0012170224988986567,-0.788698237853767,0.011109039587044456,57.8,0.6999999999999957
us_mid_small_sector_mix,us,raw_black_litterman,smart_policy_oos_guard,0.18722224841224833,-0.00031032064779790147,0.7879833213671736,-0.001393742221758032,-0.8002629522224222,-0.0004556747816106821,57.1,0.0
us_mid_small_sector_mix,us,smart_policy,smart_policy_oos_guard,0.18753256906004623,0.0,0.7893770635889317,0.0,-0.7998072774408115,0.0,57.1,0.0
us_mid_small_sector_mix,us,smart_policy_oos_guard,smart_policy_oos_guard,0.18753256906004623,0.0,0.7893770635889317,0.0,-0.7998072774408115,0.0,57.1,0.0
us_quality_tech_finance,us,equal_weight,smart_policy_oos_guard,0.31144159609316535,-0.003945603221370941,0.8204699432019275,0.04713454325112232,-0.1882583486977128,-0.02577902691420164,57.3,2.0999999999999943
us_quality_tech_finance,us,inverse_volatility,smart_policy_oos_guard,0.2457245226323912,-0.0696626766821451,0.6825819660539988,-0.09075343389680635,-0.46126950379418713,-0.298790182010676,54.1,-1.1000000000000014
us_quality_tech_finance,us,mean_variance,smart_policy_oos_guard,0.5311320464399649,0.21574484712542863,1.010983865789768,0.23764846583896293,0.3889268693206654,0.5514061911041765,58.7,3.5
us_quality_tech_finance,us,raw_black_litterman,smart_policy_oos_guard,0.315492232958394,0.00010503364385772151,0.7740452278340634,0.0007098278832582405,-0.1622934633794684,0.00018585840404275467,55.3,0.09999999999999432
us_quality_tech_finance,us,smart_policy,smart_policy_oos_guard,0.3153871993145363,0.0,0.7733353999508051,0.0,-0.16247932178351115,0.0,55.2,0.0
us_quality_tech_finance,us,smart_policy_oos_guard,smart_policy_oos_guard,0.3153871993145363,0.0,0.7733353999508051,0.0,-0.16247932178351115,0.0,55.2,0.0
