portfolio_name,market,strategy,decision_policy,policy_asof,policy_confidence,policy_max_weight,policy_min_weight,policy_turnover_penalty,policy_concentration_penalty,policy_risk_level,policy_regime,policy_anomaly_impact,oos_leakage_guard,row_count,cumulative_return,benchmark_cumulative_return,benchmark_excess_return,annualized_return,annualized_volatility,max_drawdown,expected_shortfall,sharpe,information_ratio,turnover,model_score,model_grade,model_score_risk_control,model_score_profitability,model_score_alpha,model_score_stability,model_score_win_rate
us_quality_tech_finance,us,equal_weight,,,,,,,,,,,,420,0.31144159609316535,0.3612862941343762,-0.04984469804121083,0.1766556178614156,0.21531028567848284,-0.202134638464907,-0.04707502611603965,0.8204699432019275,-0.1882583486977128,0.0,57.3,C,74.4,64.6,32.5,42.3,50.0
us_quality_tech_finance,us,inverse_volatility,,,,,,,,,,,,420,0.2457245226323912,0.3612862941343762,-0.11556177150198499,0.14091478536641322,0.20644375675648236,-0.20142504113510112,-0.0464235055812383,0.6825819660539988,-0.46126950379418713,0.2630377944901266,54.1,C,74.7,60.5,21.5,45.8,51.2
us_quality_tech_finance,us,mean_variance,,,,,,,,,,,,420,0.5311320464399649,0.3612862941343762,0.16984575230558874,0.2912418334077682,0.28807762741124826,-0.31483651898797077,-0.06224804896208373,1.010983865789768,0.3889268693206654,3.441824219797795,58.7,C,53.2,70.3,55.6,32.1,53.8
us_quality_tech_finance,us,raw_black_litterman,,,,,,,,,,,,420,0.315492232958394,0.3612862941343762,-0.04579406117598217,0.1788348676004583,0.23103929999139042,-0.23322958729892063,-0.052309718174103945,0.7740452278340634,-0.1622934633794684,1.9317774253909519,55.3,C,67.6,63.2,33.5,38.8,50.5
us_quality_tech_finance,us,smart_policy,raw,2024-09-11,0.95,0.3937,0.0317,0.0316,0.0307,High,Normal,none,True,420,0.3153871993145363,0.3612862941343762,-0.04589909481983989,0.1787783932424225,0.23117833898951903,-0.23341401939225398,-0.05235996057112213,0.7733353999508051,-0.16247932178351115,1.9520925641269882,55.2,C,67.6,63.2,33.5,38.8,50.5
us_quality_tech_finance,us,smart_policy_oos_guard,raw,2024-09-11,0.95,0.3937,0.0317,0.0316,0.0307,High,Normal,none,True,420,0.3153871993145363,0.3612862941343762,-0.04589909481983989,0.1787783932424225,0.23117833898951903,-0.23341401939225398,-0.05235996057112213,0.7733353999508051,-0.16247932178351115,0.404160157057187,55.2,C,67.6,63.2,33.5,38.8,50.5
us_ai_infrastructure_barbell,us,equal_weight,,,,,,,,,,,,420,0.8458420083015201,0.3612862941343762,0.48455571416714394,0.44449723659516693,0.2827869593399113,-0.2919096608334983,-0.06424638459833747,1.5718448885787517,1.086991376697373,0.0,70.7,B,55.2,87.2,83.5,32.8,54.0
us_ai_infrastructure_barbell,us,inverse_volatility,,,,,,,,,,,,420,0.6507226564659563,0.3612862941343762,0.2894363623315801,0.35084172666490154,0.22405858358431832,-0.23550148548320912,-0.05192738893832497,1.5658481860074414,1.0308147219848551,0.44721495029568326,73.9,B,67.3,87.0,81.2,39.7,56.2
us_ai_infrastructure_barbell,us,mean_variance,,,,,,,,,,,,420,0.6778458616266614,0.3612862941343762,0.3165595674922852,0.36411579193109733,0.2738329835489864,-0.27319006565665305,-0.0638667314221489,1.3297002691641058,0.7351509400438073,2.7607433071529135,66.5,B,58.6,79.9,69.4,33.8,55.5
us_ai_infrastructure_barbell,us,raw_black_litterman,,,,,,,,,,,,420,0.5635370421978703,0.3612862941343762,0.20225074806349408,0.30756987039185635,0.23305834749271873,-0.2452986158893124,-0.05596763077318058,1.319711882027592,0.6705387574952382,2.3049756602709257,67.6,B,64.9,79.6,66.8,38.6,54.8
us_ai_infrastructure_barbell,us,smart_policy,raw,2024-09-11,0.95,0.3633,0.036,0.0353,0.0354,High,High Volatility,none,True,420,0.5741940969106551,0.3612862941343762,0.21290780277627896,0.3129100347100462,0.23337889717151214,-0.2451667863830243,-0.0560061406588056,1.3407811867415156,0.7022302464025297,2.1799487180419117,68.0,B,64.9,80.2,68.1,38.6,54.5
us_ai_infrastructure_barbell,us,smart_policy_oos_guard,balanced_blend,2024-09-11,0.95,0.3633,0.036,0.0353,0.0354,High,High Volatility,none,True,420,0.7071963440554738,0.3612862941343762,0.34591004992109764,0.37838355553079106,0.2566856410540459,-0.26395046769825437,-0.06022643274485109,1.474112669399849,0.9592905569425074,0.12832571763430278,70.3,B,60.9,84.2,78.4,35.8,54.3
us_dividend_low_volatility,us,equal_weight,,,,,,,,,,,,420,0.06904940218670808,0.3612862941343762,-0.2922368919476681,0.04087520930548694,0.12107964340277018,-0.10102782326080714,-0.025471011477241384,0.33758944242605654,-0.9138864584299765,0.0,54.0,C,92.4,50.1,11.7,85.9,44.8
us_dividend_low_volatility,us,inverse_volatility,,,,,,,,,,,,420,0.07535851957744355,0.3612862941343762,-0.28592777455693263,0.044556577420946875,0.11857629888205101,-0.09704109586754732,-0.02512798260911365,0.3757629293630402,-0.9259118376433978,0.18863539813092348,54.5,C,93.0,51.3,11.5,86.9,44.3
us_dividend_low_volatility,us,mean_variance,,,,,,,,,,,,420,0.13740800413127374,0.3612862941343762,-0.22387829000310244,0.08031341255787794,0.11540697929523445,-0.08837158668020079,-0.027397544244424678,0.6959146929270191,-0.8360411033665512,3.6809081961579166,58.3,C,93.4,60.9,13.3,88.1,43.8
us_dividend_low_volatility,us,raw_black_litterman,,,,,,,,,,,,420,0.09271692637930129,0.3612862941343762,-0.2685693677550749,0.054640881961766974,0.1134392316893642,-0.09039400364948168,-0.025888621397823684,0.48167535294484876,-0.9732508893595008,1.9465390267993132,55.5,C,93.6,54.5,10.5,88.9,43.1
us_dividend_low_volatility,us,smart_policy,raw,2024-09-11,0.95,0.3981,0.0309,0.0309,0.0333,High,Normal,none,True,420,0.09508197606666502,0.3612862941343762,-0.26620431806771117,0.056009873000304466,0.11351802084173822,-0.09038750848850942,-0.025898487561949818,0.4934007180973578,-0.9631618439782128,1.8903165014874397,55.6,C,93.6,54.8,10.7,88.9,43.1
us_dividend_low_volatility,us,smart_policy_oos_guard,raw,2024-09-11,0.95,0.3981,0.0309,0.0309,0.0333,High,Normal,none,True,420,0.09508197606666502,0.3612862941343762,-0.26620431806771117,0.056009873000304466,0.11351802084173822,-0.09038750848850942,-0.025898487561949818,0.4934007180973578,-0.9631618439782128,0.3500061176395831,55.6,C,93.6,54.8,10.7,88.9,43.1
us_mid_small_sector_mix,us,equal_weight,,,,,,,,,,,,420,0.18507250588116908,0.3612862941343762,-0.1762137882532071,0.10725322392535364,0.15016932529681642,-0.1885104593665181,-0.035296877905156336,0.7142152614281433,-0.8901277857878338,0.0,54.3,C,79.3,61.4,12.2,71.8,46.2
us_mid_small_sector_mix,us,inverse_volatility,,,,,,,,,,,,420,0.1748617800078347,0.3612862941343762,-0.18642451412654149,0.1015191846888015,0.1437580408148857,-0.17762700519535765,-0.03326346566386629,0.7061809142177007,-0.9027987604150184,0.25210218160222364,54.7,C,81.1,61.2,11.9,75.5,45.5
us_mid_small_sector_mix,us,mean_variance,,,,,,,,,,,,420,0.18169734884273048,0.3612862941343762,-0.1795889452916457,0.10536003086513324,0.1336784731174893,-0.14764540997212186,-0.028891315429992136,0.788160041090033,-0.788698237853767,1.8670238788846496,57.8,C,85.9,63.6,14.2,81.0,47.9
us_mid_small_sector_mix,us,raw_black_litterman,,,,,,,,,,,,420,0.18722224841224833,0.3612862941343762,-0.17406404572212786,0.10845793324833664,0.13763988438252603,-0.15399743648270958,-0.03006135471928164,0.7879833213671736,-0.8002629522224222,1.7479715837991499,57.1,C,84.8,63.6,14.0,79.1,45.7
us_mid_small_sector_mix,us,smart_policy,raw,2024-09-11,0.95,0.3912,0.0321,0.0319,0.0355,High,Normal,none,True,420,0.18753256906004623,0.3612862941343762,-0.17375372507432996,0.10863176392133811,0.13761707672052165,-0.15457275801770967,-0.030057366812761027,0.7893770635889317,-0.7998072774408115,1.6793951732550116,57.1,C,84.8,63.7,14.0,79.1,45.7
us_mid_small_sector_mix,us,smart_policy_oos_guard,raw,2024-09-11,0.95,0.3912,0.0321,0.0319,0.0355,High,Normal,none,True,420,0.18753256906004623,0.3612862941343762,-0.17375372507432996,0.10863176392133811,0.13761707672052165,-0.15457275801770967,-0.030057366812761027,0.7893770635889317,-0.7998072774408115,0.6362399270081892,57.1,C,84.8,63.7,14.0,79.1,45.7
hk_platform_financial_core,hk,equal_weight,,,,,,,,,,,,317,0.44600132900635936,0.2854256222985634,0.16057570670779597,0.34068432358400713,0.25721441452605176,-0.1799030420203159,-0.05754691371525305,1.3245148963045428,1.1976364920245899,0.0,74.8,B,75.2,79.7,87.9,54.6,52.1
hk_platform_financial_core,hk,inverse_volatility,,,,,,,,,,,,317,0.4578003183909669,0.2854256222985634,0.17237469609240352,0.34937356065841896,0.22413628292737178,-0.15631041026917009,-0.053322891092090124,1.5587550399933623,1.2595183375111518,0.4469896319946542,79.3,A,78.7,86.8,90.4,65.8,52.4
hk_platform_financial_core,hk,mean_variance,,,,,,,,,,,,317,0.5966719452600278,0.2854256222985634,0.3112463229614644,0.4505972881386222,0.24541384646959824,-0.19409654404773008,-0.06189027153719881,1.836071169661741,1.6768944894989493,2.615152514412711,82.7,A,72.8,95.1,100.0,57.9,55.5
hk_platform_financial_core,hk,raw_black_litterman,,,,,,,,,,,,317,0.538610340642087,0.2854256222985634,0.25318471834352363,0.4085050863019366,0.23454605458311603,-0.1798206152353484,-0.058330148367420745,1.7416838967000179,1.4627338524036657,1.4548504857069955,82.3,A,75.1,92.3,98.5,61.5,56.2
hk_platform_financial_core,hk,smart_policy,raw,2025-01-27,0.95,0.4044,0.0303,0.0304,0.0275,High,Normal,none,True,317,0.5440546584911099,0.2854256222985634,0.2586290361925465,0.41246565149751757,0.23604732736397932,-0.18102840656964778,-0.05874209584083653,1.747385391326653,1.5019094218636742,1.4348245697997066,82.4,A,74.9,92.4,100.0,60.8,55.5
hk_platform_financial_core,hk,smart_policy_oos_guard,raw,2025-01-27,0.95,0.4044,0.0303,0.0304,0.0275,High,Normal,none,True,317,0.5440546584911099,0.2854256222985634,0.2586290361925465,0.41246565149751757,0.23604732736397932,-0.18102840656964778,-0.05874209584083653,1.747385391326653,1.5019094218636742,0.6163549464252456,82.4,A,74.9,92.4,100.0,60.8,55.5
hk_consumption_insurance_mix,hk,equal_weight,,,,,,,,,,,,375,0.004484620107463089,0.26607756027739793,-0.26159294016993484,0.0030114526177251744,0.23309556009357404,-0.17605023216081767,-0.05693669028498439,0.012919390727632284,-1.440876108710903,0.0,42.6,C,75.8,40.4,1.2,59.7,41.9
hk_consumption_insurance_mix,hk,inverse_volatility,,,,,,,,,,,,375,0.11714892736955806,0.26607756027739793,-0.14892863290783986,0.07728506982462502,0.18990917541833194,-0.14218109217501448,-0.0449636545755373,0.4069580611594014,-0.7584177988139441,0.3916376016249354,52.9,C,82.3,52.2,14.8,78.2,47.7
hk_consumption_insurance_mix,hk,mean_variance,,,,,,,,,,,,375,0.07213774578713017,0.26607756027739793,-0.19393981449026776,0.04792063876070518,0.1999269317036926,-0.15753130888946018,-0.04683931399027698,0.23969076278191137,-0.8311729962312322,2.329699535406757,50.1,C,79.9,47.2,13.4,73.9,48.3
hk_consumption_insurance_mix,hk,raw_black_litterman,,,,,,,,,,,,375,0.08330924696157971,0.26607756027739793,-0.18276831331581822,0.05524583467093702,0.18613422687357548,-0.13919522802337006,-0.043965676637270315,0.2968064261951169,-0.8815192430550759,1.1228157886881507,51.3,C,82.9,48.9,12.4,79.8,46.9
hk_consumption_insurance_mix,hk,smart_policy,raw,2024-11-01,0.95,0.3669,0.0356,0.0349,0.033,Extreme,Crisis,none,True,375,0.08709465750625878,0.26607756027739793,-0.17898290277113915,0.05772231504602887,0.1926928521868811,-0.14452929620340751,-0.04564546863172408,0.2995560779288663,-0.8772622442485906,1.0780431939943942,50.7,C,81.8,49.0,12.5,77.0,44.8
hk_consumption_insurance_mix,hk,smart_policy_oos_guard,raw,2024-11-01,0.95,0.3669,0.0356,0.0349,0.033,Extreme,Crisis,none,True,375,0.08709465750625878,0.26607756027739793,-0.17898290277113915,0.05772231504602887,0.1926928521868811,-0.14452929620340751,-0.04564546863172408,0.2995560779288663,-0.8772622442485906,0.4493833875955562,50.7,C,81.8,49.0,12.5,77.0,44.8
hk_income_property_credit,hk,equal_weight,,,,,,,,,,,,411,0.5490401132913314,0.5097278270915424,0.03931228619978899,0.30778024344837496,0.17117741079376106,-0.18721712467388615,-0.03955782252388043,1.7980190377993068,0.09390115125595494,0.0,73.0,B,78.3,93.9,43.8,88.5,48.9
hk_income_property_credit,hk,inverse_volatility,,,,,,,,,,,,411,0.4817961498741532,0.5097278270915424,-0.027931677217389206,0.27267353523454796,0.14641515644842948,-0.1576728310548379,-0.0350177858940557,1.8623313449833272,-0.06324523753547592,0.35026346328142305,74.3,B,83.1,95.9,37.5,95.0,51.3
hk_income_property_credit,hk,mean_variance,,,,,,,,,,,,411,0.5953139406875838,0.5097278270915424,0.0855861135960414,0.33159706183229676,0.16683233687274698,-0.16001899187658755,-0.037934723846050275,1.9876066477761185,0.1863091414590617,2.93542489323035,76.5,A,82.0,99.6,47.5,89.6,47.9
hk_income_property_credit,hk,raw_black_litterman,,,,,,,,,,,,411,0.5428960561858236,0.5097278270915424,0.03316822909428119,0.304597367206463,0.14946828729131106,-0.14634839494654273,-0.03504302503412223,2.03787286739165,0.07228116152498971,1.5501717789077345,77.0,A,84.4,100.0,42.9,94.2,50.9
hk_income_property_credit,hk,smart_policy,raw,2024-09-09,0.95,0.4284,0.0269,0.0275,0.0245,High,Normal,none,True,411,0.5405649514472048,0.5097278270915424,0.030837124355662437,0.3033884756995917,0.14649190864413825,-0.14114620230981392,-0.034263032128471385,2.071025481936961,0.06675950318843514,1.639166625150772,77.1,A,85.3,100.0,42.7,94.9,50.1
hk_income_property_credit,hk,smart_policy_oos_guard,raw,2024-09-09,0.95,0.4284,0.0269,0.0275,0.0245,High,Normal,none,True,411,0.5405649514472048,0.5097278270915424,0.030837124355662437,0.3033884756995917,0.14649190864413825,-0.14114620230981392,-0.034263032128471385,2.071025481936961,0.06675950318843514,0.7903922718561511,77.1,A,85.3,100.0,42.7,94.9,50.1
hk_china_etf_cross_asset,hk,equal_weight,,,,,,,,,,,,100,0.00022893123127598614,-0.0005411982872934873,0.0007701295185694734,0.0005770070814892225,0.18416703172026402,-0.10950986177363492,-0.03567810800837848,0.0031330639154007393,0.03556845557462439,0.0,55.4,C,88.7,40.1,41.4,67.8,50.0
hk_china_etf_cross_asset,hk,inverse_volatility,,,,,,,,,,,,100,0.010608023065673544,-0.0005411982872934873,0.011149221352967031,0.02694813165000487,0.17788474634265986,-0.10260996683819007,-0.03569632847967968,0.15149208801801708,0.49395524896899395,0.1406933327832723,61.4,B,89.5,44.5,59.8,70.9,53.0
hk_china_etf_cross_asset,hk,mean_variance,,,,,,,,,,,,100,0.0238084679656545,-0.0005411982872934873,0.024349666252947988,0.06108742468741313,0.1804490892254421,-0.10364072748498866,-0.03771769657507287,0.3385299695865698,1.1353227745173406,1.7723453293163614,67.7,B,88.8,50.2,85.4,69.7,49.0
hk_china_etf_cross_asset,hk,raw_black_litterman,,,,,,,,,,,,100,0.022705760732782965,-0.0005411982872934873,0.023246959020076452,0.05820977691094842,0.17748386353435244,-0.10159912087982655,-0.03697909922652843,0.3279722209770454,1.139376994045192,1.2206114061421673,68.5,B,89.3,49.8,85.6,71.1,54.0
hk_china_etf_cross_asset,hk,smart_policy,raw,2025-12-12,0.95,0.399,0.031,0.028,0.035,Medium,Normal,none,True,100,0.016451539524220182,-0.0005411982872934873,0.01699273781151367,0.041977709756089165,0.1772557048551772,-0.1030331898566661,-0.03612481953628973,0.23682007747161715,0.8311164267502448,0.8203657542424447,64.8,B,89.3,47.1,73.2,71.3,52.0
hk_china_etf_cross_asset,hk,smart_policy_oos_guard,raw,2025-12-12,0.95,0.399,0.031,0.028,0.035,Medium,Normal,none,True,100,0.016451539524220182,-0.0005411982872934873,0.01699273781151367,0.041977709756089165,0.1772557048551772,-0.1030331898566661,-0.03612481953628973,0.23682007747161715,0.8311164267502448,0.34078312349607587,64.8,B,89.3,47.1,73.2,71.3,52.0
cn_consumption_financial_core,cn,equal_weight,,,,,,,,,,,,404,0.20010356716316147,0.4916966962522271,-0.29159312908906565,0.12050464486288237,0.19065208454223537,-0.11972840251178223,-0.04360866287034275,0.6320657083410323,-1.026654354472067,0.0,53.5,C,85.3,59.0,9.5,63.1,43.3
cn_consumption_financial_core,cn,inverse_volatility,,,,,,,,,,,,404,0.20500032970034887,0.4916966962522271,-0.28669636655187825,0.12335428680422766,0.19116090361619809,-0.12044170006429077,-0.04379630281941026,0.6452903521103422,-1.00913513932819,0.15692691642010997,53.7,C,85.2,59.4,9.8,62.8,43.6
cn_consumption_financial_core,cn,mean_variance,,,,,,,,,,,,404,0.11568491581992979,0.4916966962522271,-0.3760117804322973,0.0706675429048147,0.18808446637892465,-0.133430518200839,-0.041372661724228765,0.375722377638801,-1.2184450412516818,1.9326555966065138,49.9,C,84.3,51.3,5.6,64.4,43.6
cn_consumption_financial_core,cn,raw_black_litterman,,,,,,,,,,,,404,0.11134238593693091,0.4916966962522271,-0.3803543103152962,0.06806622450523947,0.18545693505977712,-0.12875220433652268,-0.041347125419134156,0.36701903050053175,-1.293691911160264,2.3078080182704372,49.5,C,84.9,51.0,4.1,65.7,42.1
cn_consumption_financial_core,cn,smart_policy,raw,2024-09-05,0.95,0.4077,0.0298,0.03,0.0289,High,Normal,none,True,404,0.11400040278977386,0.4916966962522271,-0.37769629346245326,0.06965891716467998,0.18566555439353974,-0.12908281267361574,-0.041370494747265896,0.37518492534716374,-1.283072530058171,2.245401843136477,49.6,C,84.8,51.3,4.3,65.6,42.3
cn_consumption_financial_core,cn,smart_policy_oos_guard,balanced_blend,2024-09-05,0.95,0.4077,0.0298,0.03,0.0289,High,Normal,none,True,404,0.1521969183069778,0.4916966962522271,-0.3394997779452493,0.09239083145496885,0.1881550038168829,-0.12463245928812323,-0.042512143549046984,0.4910357395803615,-1.1793507340259444,0.1478923022035257,51.3,C,85.0,54.7,6.4,64.4,42.8
cn_new_energy_healthcare,cn,equal_weight,,,,,,,,,,,,367,0.04241451055158918,0.20756751726322453,-0.16515300671163535,0.028933830515564862,0.20979061526699785,-0.1935110950322421,-0.044765715037017505,0.13791765889404128,-0.7857942699148407,0.0,46.1,C,76.2,44.1,14.3,39.5,45.0
cn_new_energy_healthcare,cn,inverse_volatility,,,,,,,,,,,,367,0.030305505249221376,0.20756751726322453,-0.17726201201400316,0.020711713022139477,0.20577289401867271,-0.1956503951887277,-0.043482523419050706,0.10065326203877954,-0.8686636468828675,0.2546799363930186,45.3,C,76.3,43.0,12.6,40.0,44.4
cn_new_energy_healthcare,cn,mean_variance,,,,,,,,,,,,367,0.1421127804122979,0.20756751726322453,-0.06545473685092662,0.09553382839369573,0.2598391402856291,-0.18689025036656276,-0.057660854155726846,0.36766527278638556,-0.2059114872198276,1.957653383686487,51.2,C,74.3,51.0,31.8,33.1,45.0
cn_new_energy_healthcare,cn,raw_black_litterman,,,,,,,,,,,,367,0.060743594690385816,0.20756751726322453,-0.14682392257283872,0.0413227463784509,0.22353650295750785,-0.18758103006292734,-0.04890615113751052,0.18485905358511384,-0.6172519906592668,1.5252651324581696,46.9,C,75.8,45.5,17.7,37.7,44.1
cn_new_energy_healthcare,cn,smart_policy,raw,2024-11-06,0.95,0.3777,0.034,0.0336,0.0309,High,Crisis,none,True,367,0.060839505707311003,0.20756751726322453,-0.14672801155591353,0.041387396858983294,0.22345253957834196,-0.1875971152478664,-0.0488757268958055,0.1852178406075934,-0.6172912828229862,1.5104408187939289,46.9,C,75.8,45.6,17.7,37.7,44.1
cn_new_energy_healthcare,cn,smart_policy_oos_guard,defensive_blend,2024-11-06,0.95,0.3777,0.034,0.0336,0.0309,High,Crisis,none,True,367,0.06302290291839463,0.20756751726322453,-0.1445446143448299,0.04285865852220838,0.21982595523110482,-0.18917147903608497,-0.047488156274421475,0.19496632450499635,-0.6281398071561931,0.1575445625952215,47.1,C,76.0,45.8,17.4,38.2,44.7
cn_state_owned_defensive,cn,equal_weight,,,,,,,,,,,,404,0.17185244509012398,0.4916966962522271,-0.31984425116210313,0.10397780658932954,0.1783346821593433,-0.11787224970001978,-0.03825163653979059,0.5830487111667074,-0.6751557285100286,0.0,55.9,C,87.0,57.5,16.5,69.3,48.3
cn_state_owned_defensive,cn,inverse_volatility,,,,,,,,,,,,404,0.16088613028855137,0.4916966962522271,-0.33081056596367575,0.09752223849598529,0.16611121358639216,-0.10492613810346986,-0.035328278556129085,0.587090036791919,-0.722661803751602,0.22451247082676953,56.7,C,89.3,57.6,15.5,75.6,48.8
cn_state_owned_defensive,cn,mean_variance,,,,,,,,,,,,404,0.09790403877371379,0.4916966962522271,-0.39379265747851333,0.05999187351875168,0.162976636469061,-0.11872615109596682,-0.030906643757683795,0.3681010653949799,-0.8548184460247304,2.6740075458575743,53.7,C,88.8,51.0,12.9,77.2,47.8
cn_state_owned_defensive,cn,raw_black_litterman,,,,,,,,,,,,404,0.1216033137823378,0.4916966962522271,-0.3700933824698893,0.07420673277114265,0.1600259720147735,-0.10792033645873096,-0.031050237325541807,0.463716806946137,-0.8006153429135302,2.339725643467007,55.3,C,90.1,53.9,14.0,78.7,48.0
cn_state_owned_defensive,cn,smart_policy,raw,2024-09-05,0.95,0.3889,0.0325,0.0321,0.0304,High,Crisis,none,True,404,0.12188014600385721,0.4916966962522271,-0.3698165502483699,0.0743721056309874,0.16007222346745958,-0.10791168636223733,-0.031055369802517174,0.4646159341074324,-0.801448009345408,2.2144842141466423,55.3,C,90.1,53.9,14.0,78.6,48.0
cn_state_owned_defensive,cn,smart_policy_oos_guard,defensive_blend,2024-09-05,0.95,0.3889,0.0325,0.0321,0.0304,High,Crisis,none,True,404,0.1387170973913645,0.4916966962522271,-0.3529795988608626,0.08440142429187092,0.16380540263027418,-0.11066181734666047,-0.03313257678475008,0.5152542158964909,-0.7652580942160017,0.22177933942480607,55.7,C,89.2,55.5,14.7,76.7,48.0
jp_auto_electronics_core,jp,equal_weight,,,,,,,,,,,,407,0.4961402139706508,0.6874638801848292,-0.1913236662141784,0.2833250014723441,0.26720253599762556,-0.23473274633386293,-0.05698132007564862,1.0603379957249424,-0.5382908560745003,0.0,55.4,C,66.6,71.8,19.2,55.2,46.7
jp_auto_electronics_core,jp,inverse_volatility,,,,,,,,,,,,407,0.43069200196725177,0.6874638801848292,-0.2567718782175774,0.24827040002945377,0.2460701107767496,-0.2178434856476293,-0.051364452638731274,1.0089417168373627,-0.7126761460564945,0.2639754736926917,55.2,C,70.6,70.3,15.7,61.3,45.2
jp_auto_electronics_core,jp,mean_variance,,,,,,,,,,,,407,0.46255130548393497,0.6874638801848292,-0.2249125747008942,0.2654091120610691,0.31078594548330096,-0.2806463063515378,-0.06939875706258489,0.8539932899743369,-0.518322798999152,3.735252392840228,50.0,C,56.4,65.6,19.6,43.5,45.7
jp_auto_electronics_core,jp,raw_black_litterman,,,,,,,,,,,,407,0.40355793065220014,0.6874638801848292,-0.28390594953262904,0.23355869521703077,0.26496343460675137,-0.24645859793207076,-0.058390218785360284,0.881475195110109,-0.7841342547595758,1.9819104281310458,51.8,C,64.3,66.4,14.3,55.8,45.2
jp_auto_electronics_core,jp,smart_policy,raw,2024-09-06,0.95,0.3923,0.032,0.0313,0.0293,High,Crisis,none,True,407,0.4029537997296089,0.6874638801848292,-0.2845100804552203,0.2332299175763335,0.2649928620856052,-0.24660698019521765,-0.058409750553382725,0.880136603456848,-0.7851842160214275,1.9979864310893585,51.8,C,64.3,66.4,14.3,55.8,45.5
jp_auto_electronics_core,jp,smart_policy_oos_guard,defensive_blend,2024-09-06,0.95,0.3923,0.032,0.0313,0.0293,High,Crisis,none,True,407,0.4383014158870724,0.6874638801848292,-0.2491624642977568,0.2523769855607927,0.2651519627666449,-0.24078147237733682,-0.057699003200773036,0.9518201673012121,-0.7047207784983102,0.2605925520139735,53.2,C,65.4,68.6,15.9,55.7,46.2
jp_financial_industrial_mix,jp,equal_weight,,,,,,,,,,,,407,0.7434694548995742,0.6874638801848292,0.05600557471474499,0.41083173413224583,0.288242002948809,-0.26225813335459675,-0.06324399414543637,1.425301413150423,0.10578402853486861,0.0,62.7,B,60.7,82.8,44.2,49.6,48.4
jp_financial_industrial_mix,jp,inverse_volatility,,,,,,,,,,,,407,0.7454209621963899,0.6874638801848292,0.05795708201156069,0.4118092969182281,0.2877219627614941,-0.26427036183594915,-0.06392304059721397,1.4312751552428262,0.10894597882562058,0.18470975294931039,62.8,B,60.2,82.9,44.4,49.7,49.1
jp_financial_industrial_mix,jp,mean_variance,,,,,,,,,,,,407,0.901108992311251,0.6874638801848292,0.2136451121264218,0.48850834186859626,0.3367049036769953,-0.27762185678212103,-0.07090548654662245,1.4508500961341142,0.3222788633814004,3.133398885299031,63.2,B,56.7,83.5,52.9,39.0,48.6
jp_financial_industrial_mix,jp,raw_black_litterman,,,,,,,,,,,,407,0.907473562221984,0.6874638801848292,0.22000968203715487,0.49159183461810896,0.31961578487319786,-0.27973941022932747,-0.06955858201909534,1.5380712026258017,0.3535784224254591,2.130670574400444,64.4,B,56.5,86.1,54.1,41.2,48.2
jp_financial_industrial_mix,jp,smart_policy,raw,2024-09-06,0.95,0.3686,0.0353,0.0347,0.0362,Extreme,High Volatility,none,True,407,0.8898673103313579,0.6874638801848292,0.20240343014652873,0.4830523746720954,0.3170457833286753,-0.2782967733214149,-0.0690386585513922,1.5236044763015324,0.330685131342598,2.0593309329001954,64.2,B,56.9,85.7,53.2,41.9,48.2
jp_financial_industrial_mix,jp,smart_policy_oos_guard,raw,2024-09-06,0.95,0.3686,0.0353,0.0347,0.0362,Extreme,High Volatility,none,True,407,0.8898673103313579,0.6874638801848292,0.20240343014652873,0.4830523746720954,0.3170457833286753,-0.2782967733214149,-0.0690386585513922,1.5236044763015324,0.330685131342598,0.37958305521750163,64.2,B,56.9,85.7,53.2,41.9,48.2
jp_defensive_domestic,jp,equal_weight,,,,,,,,,,,,407,0.08303142429285226,0.6874638801848292,-0.6044324558919769,0.05062690302674144,0.14699085816683147,-0.09950093361380967,-0.03345548312809922,0.344422120246968,-1.2292852122208413,0.0,53.0,C,90.5,50.3,5.4,94.0,46.7
jp_defensive_domestic,jp,inverse_volatility,,,,,,,,,,,,407,0.0895950748914327,0.6874638801848292,-0.5978688052933965,0.05456475120357562,0.1422534459771663,-0.08950164179461331,-0.03273915050024274,0.38357419624361183,-1.2200505647375328,0.16536073220550151,53.8,C,91.9,51.5,5.6,95.3,46.4
jp_defensive_domestic,jp,mean_variance,,,,,,,,,,,,407,0.06469831951136396,0.6874638801848292,-0.6227655606734652,0.03957955058867113,0.16289598804946903,-0.15085815913280726,-0.03681556455314808,0.2429743731727231,-1.253632825371915,2.5634607271939576,49.6,C,83.4,47.3,4.9,89.8,45.0
jp_defensive_domestic,jp,raw_black_litterman,,,,,,,,,,,,407,0.06817499346827849,0.6874638801848292,-0.6192888867165507,0.041680093393957174,0.14502801658088987,-0.11705484017934585,-0.031642275854417846,0.28739339043990825,-1.2714965762581358,1.8796675735176536,51.9,C,88.8,48.6,4.6,94.5,46.9
jp_defensive_domestic,jp,smart_policy,raw,2024-09-06,0.95,0.421,0.028,0.028,0.024,Medium,Normal,force_oos_guard,True,407,0.0655026354184074,0.6874638801848292,-0.6219612447664218,0.04006573551866954,0.14510905788631004,-0.11742974821849822,-0.03158179985414496,0.2761077502829646,-1.279363883240468,2.0049325317241515,51.7,C,88.8,48.3,4.4,94.5,46.7
jp_defensive_domestic,jp,smart_policy_oos_guard,defensive_blend,2024-09-06,0.95,0.421,0.028,0.028,0.024,Medium,Normal,force_oos_guard,True,407,0.07031747101739683,0.6874638801848292,-0.6171464091674324,0.04297324255263746,0.14423466820256514,-0.10918047222094542,-0.031910342918949626,0.2979397608644632,-1.2691344296737075,0.3879592819239149,52.2,C,89.7,48.9,4.6,94.8,46.4
jp_index_style_blend,jp,equal_weight,,,,,,,,,,,,403,-0.011236184551846051,0.7010108268605424,-0.7122470114123884,-0.007040967413804555,0.4349096053803166,-0.4332359383795603,-0.13768513602247984,-0.016189496223352945,-0.9188797462887147,0.0,33.3,D,34.0,39.7,11.6,31.2,47.1
jp_index_style_blend,jp,inverse_volatility,,,,,,,,,,,,403,-0.31762524649814794,0.7010108268605424,-1.0186360733586903,-0.21256835819111086,0.7173073430296225,-0.6152915848483894,-0.21396144691717667,-0.2963420913737007,-0.8599348756919467,1.1492908838524059,25.0,D,10.8,34.1,12.8,8.6,48.9
jp_index_style_blend,jp,mean_variance,,,,,,,,,,,,403,-0.10534077734657943,0.7010108268605424,-0.8063516042071218,-0.06723759719727829,0.5087763245709921,-0.4906361172647465,-0.15809529119601984,-0.13215551500745254,-0.8980311393180535,0.5772707938041364,30.7,D,27.3,37.4,12.0,25.3,47.4
jp_index_style_blend,jp,raw_black_litterman,,,,,,,,,,,,403,-0.07152211927339358,0.7010108268605424,-0.772532946133936,-0.045343289201443926,0.47727606757152125,-0.46668262764500257,-0.1495008956412473,-0.09500432198949321,-0.9140098094804465,0.32168951618004354,31.8,D,30.1,38.1,11.7,27.8,48.4
jp_index_style_blend,jp,smart_policy,raw,2024-09-11,0.95,0.3862,0.0328,0.0325,0.0284,High,Normal,tighten_constraints,True,403,-0.07153870573242893,0.7010108268605424,-0.7725495325929713,-0.04535395335270309,0.4772889763488572,-0.46669249559639725,-0.1495044465206893,-0.09502409567396598,-0.9140069996156448,0.32176253836221586,31.8,D,30.1,38.1,11.7,27.8,48.4
jp_index_style_blend,jp,smart_policy_oos_guard,balanced_blend,2024-09-11,0.95,0.3862,0.0328,0.0325,0.0284,High,Normal,tighten_constraints,True,403,-0.014307660353932383,0.7010108268605424,-0.7153184872144748,-0.00897086556263782,0.4402801794501616,-0.438025934139028,-0.13894831331234148,-0.020375356378388353,-0.9143169170578661,0.04906134111630986,33.2,D,33.5,39.6,11.7,30.8,47.4
tw_semiconductor_platform_core,tw,equal_weight,,,,,,,,,,,,405,0.9725836985409677,0.9521858976077915,0.020397800933176224,0.5260810760521921,0.25380537987397667,-0.2653945154787742,-0.0591757383481359,2.072773541338682,0.05509575619925881,0.0,68.7,B,60.8,100.0,42.2,56.2,48.1
tw_semiconductor_platform_core,tw,inverse_volatility,,,,,,,,,,,,405,0.9037957858683794,0.9521858976077915,-0.0483901117394121,0.49274629693156236,0.24645749847277681,-0.2725374439109003,-0.05980715566958944,1.999315500583116,-0.14146908168739727,0.32933618636449646,66.5,B,59.4,100.0,34.3,58.2,46.2
tw_semiconductor_platform_core,tw,mean_variance,,,,,,,,,,,,405,0.7355291634778349,0.9521858976077915,-0.21665673412995656,0.4092234414655853,0.2861057964065006,-0.3254047129530791,-0.06682807027853507,1.4303220927553615,-0.5811083542155436,3.6967156989682617,54.9,C,51.8,82.9,18.4,47.2,45.9
tw_semiconductor_platform_core,tw,raw_black_litterman,,,,,,,,,,,,405,0.944289225632805,0.9521858976077915,-0.007896671974986447,0.5124235456952355,0.2717354371384252,-0.30120517431476057,-0.05991305703991671,1.8857442779323663,-0.022498097970865133,1.9006231119181844,65.1,B,54.3,96.6,39.1,51.2,49.1
tw_semiconductor_platform_core,tw,smart_policy,raw,2024-09-05,0.95,0.3919,0.0318,0.0317,0.0287,Medium,Crisis,none,True,405,0.945819811614244,0.9521858976077915,-0.006366085993547488,0.5131642608826514,0.27170991895423435,-0.30139236627849036,-0.05991247851019259,1.8886475063469679,-0.01815301178100208,1.8536996986062348,65.2,B,54.3,96.7,39.3,51.2,49.1
tw_semiconductor_platform_core,tw,smart_policy_oos_guard,defensive_blend,2024-09-05,0.95,0.3919,0.0318,0.0317,0.0287,Medium,Crisis,none,True,405,0.991563759180786,0.9521858976077915,0.0393778615729945,0.5352011575051181,0.26397456341318226,-0.2842751715379334,-0.058856463290486424,2.0274724601680747,0.11738953921174503,0.17783999999999983,68.3,B,57.4,100.0,44.7,53.4,48.9
tw_electronics_supply_chain,tw,equal_weight,,,,,,,,,,,,405,1.100282286173369,0.9521858976077915,0.1480963885655775,0.5868224191919544,0.2922427504679686,-0.3205793898236011,-0.07268249943711344,2.00799649692687,0.33719611436230673,0.0,68.5,B,51.1,100.0,53.5,45.5,51.4
tw_electronics_supply_chain,tw,inverse_volatility,,,,,,,,,,,,405,1.0907834970254076,0.9521858976077915,0.13859759941761607,0.5823531548435781,0.294759636082026,-0.327538265567828,-0.07385337872043335,1.9756882678519805,0.31133834498558377,0.16233284089223493,67.7,B,50.5,99.3,52.5,44.8,50.6
tw_electronics_supply_chain,tw,mean_variance,,,,,,,,,,,,405,1.3423307033578507,0.9521858976077915,0.39014480575005916,0.6982566794831007,0.3198874708321367,-0.2817964478203688,-0.07491722098347002,2.1828197199055537,0.6204906681555895,3.439207829506268,71.3,B,55.3,100.0,64.8,39.4,50.6
tw_electronics_supply_chain,tw,raw_black_litterman,,,,,,,,,,,,405,1.2268946422649036,0.9521858976077915,0.27470874465711215,0.6456840560990744,0.3010325101890888,-0.30916598498819853,-0.07404791880276049,2.1448980898890233,0.5571437250060983,1.848801815760628,70.5,B,51.6,100.0,62.3,43.1,53.1
tw_electronics_supply_chain,tw,smart_policy,raw,2024-09-05,0.95,0.4069,0.0299,0.0301,0.0265,High,High Volatility,none,True,405,1.2294445236736777,0.9521858976077915,0.27725862606588625,0.6468563011260942,0.3012198662854669,-0.30899201814368193,-0.07406558428941974,2.1474556412991257,0.5608252395170846,1.874197872333353,70.5,B,51.6,100.0,62.4,43.0,53.1
tw_electronics_supply_chain,tw,smart_policy_oos_guard,raw,2024-09-05,0.95,0.4069,0.0299,0.0301,0.0265,High,High Volatility,none,True,405,1.2294445236736777,0.9521858976077915,0.27725862606588625,0.6468563011260942,0.3012198662854669,-0.30899201814368193,-0.07406558428941974,2.1474556412991257,0.5608252395170846,0.42920107141668584,70.5,B,51.6,100.0,62.4,43.0,53.1
tw_defensive_income_financials,tw,equal_weight,,,,,,,,,,,,405,0.39164627672596186,0.9521858976077915,-0.5605396208818296,0.22830677547740863,0.18146715610319797,-0.17770138953077247,-0.048163584123476835,1.2581162364586438,-1.142087479359605,0.0,59.3,C,77.2,77.7,7.2,82.9,47.9
tw_defensive_income_financials,tw,inverse_volatility,,,,,,,,,,,,405,0.30432895306907715,0.9521858976077915,-0.6478569445387143,0.17976753052609085,0.15143215236838403,-0.14815712022051458,-0.04147027492144141,1.1871159969302705,-1.3585587876710765,0.3320244575686813,59.3,C,82.5,75.6,2.8,91.3,46.9
tw_defensive_income_financials,tw,mean_variance,,,,,,,,,,,,405,0.39021674069416035,0.9521858976077915,-0.5619691569136311,0.22752153458518443,0.18120573665817966,-0.16945862162781858,-0.05017229136627262,1.2555978567851487,-1.1297014693308014,1.0700125045292377,59.2,C,77.6,77.7,7.4,83.0,46.4
tw_defensive_income_financials,tw,raw_black_litterman,,,,,,,,,,,,405,0.27707571518006446,0.9521858976077915,-0.675110182427727,0.16436825859733117,0.15612766140264475,-0.1446205459241801,-0.043932616774381705,1.0527811479442735,-1.4305771258177502,1.7806774437173765,57.4,C,82.3,71.6,1.4,90.0,46.9
tw_defensive_income_financials,tw,smart_policy,raw,2024-09-05,0.95,0.409,0.0297,0.0277,0.0272,High,Crisis,none,True,405,0.28507681938416307,0.9521858976077915,-0.6671090782236284,0.168901996110975,0.15688075243995375,-0.14523083609407017,-0.044083426996814626,1.076626631910262,-1.419496377104341,1.7849180919109195,57.5,C,82.2,72.3,1.6,89.8,45.9
tw_defensive_income_financials,tw,smart_policy_oos_guard,defensive_blend,2024-09-05,0.95,0.409,0.0297,0.0277,0.0272,High,Crisis,none,True,405,0.31986584264823525,0.9521858976077915,-0.6323200549595562,0.18849213918944074,0.15872251182219807,-0.14958975462899898,-0.044451816029744386,1.1875576881028118,-1.3652534904677187,0.38472000000000006,58.8,C,81.5,75.6,2.7,89.3,46.2
tw_index_factor_mix,tw,equal_weight,,,,,,,,,,,,173,0.5488126932041555,0.7325174159921817,-0.1837047227880262,0.891304266765329,0.17151262679173723,-0.08985679289612247,-0.0366588404583847,5.196726815032772,-1.8978906195142486,0.0,68.8,B,90.8,100.0,0.0,83.7,46.2
tw_index_factor_mix,tw,inverse_volatility,,,,,,,,,,,,173,0.5182149929611972,0.7325174159921817,-0.21430242303098446,0.8371247357588862,0.16572983269980837,-0.0879911412637152,-0.0360462287704857,5.051140896734002,-2.0253942134229126,0.28558279927097807,68.9,B,91.2,100.0,0.0,85.4,45.7
tw_index_factor_mix,tw,mean_variance,,,,,,,,,,,,173,0.7526132572068007,0.7325174159921817,0.020095841214619048,1.2644603084173967,0.21817687404885117,-0.10145961354066815,-0.04035591378387847,5.7955744114945755,0.3204739914525223,0.8602352288881425,77.8,A,88.4,100.0,52.8,65.3,45.7
tw_index_factor_mix,tw,raw_black_litterman,,,,,,,,,,,,173,0.7060104617098415,0.7325174159921817,-0.026506954282340178,1.1772862272629978,0.21308948463333025,-0.10141486762586926,-0.04038456454138196,5.524844312654804,-0.4208592341511997,1.1667829692581164,71.9,B,88.4,100.0,23.2,67.5,45.1
tw_index_factor_mix,tw,smart_policy,raw,2025-08-22,0.95,0.41,0.0294,0.028,0.0334,Medium,Normal,none,True,173,0.6874991196841462,0.7325174159921817,-0.045018296308035444,1.1429583644552443,0.21027440681038098,-0.10124816699018069,-0.040463040306136025,5.435556241925006,-0.7003583552965269,1.055480664359702,70.8,B,88.4,100.0,16.0,68.8,46.8
tw_index_factor_mix,tw,smart_policy_oos_guard,raw,2025-08-22,0.95,0.41,0.0294,0.028,0.0334,Medium,Normal,none,True,173,0.6874991196841462,0.7325174159921817,-0.045018296308035444,1.1429583644552443,0.21027440681038098,-0.10124816699018069,-0.040463040306136025,5.435556241925006,-0.7003583552965269,0.7199999999999999,70.8,B,88.4,100.0,16.0,68.8,46.8
