scope,horizon,market,portfolio_name,baseline,row_count,positive_event_count,positive_rate,roc_auc,pr_auc,brier_score,log_loss,calibration_error,precision_at_0_60,recall_at_0_60,top_decile_lift
portfolio,1,cn,cn_consumption_financial_core,frozen_calibrated_xgboost,393.0,19.0,0.04834605597964377,0.5930903461863214,0.1533853296028183,0.0431428028068804,0.18226895257472236,0.008473070211390175,1.0,0.05263157894736842,2.068421052631579
portfolio,1,cn,cn_consumption_financial_core,frozen_raw_xgboost_without_calibration,393.0,19.0,0.04834605597964377,0.6096256684491979,0.166592920496106,0.19326405436868452,0.5771873319783877,0.380020547914141,0.17647058823529413,0.15789473684210525,2.5855263157894735
portfolio,1,cn,cn_consumption_financial_core,gradient_boosting,393.0,19.0,0.04834605597964377,0.47713200112580917,0.05120401235609047,0.21048179912426032,0.7231329428589149,0.23692992014348363,0.024390243902439025,0.10526315789473684,1.0342105263157895
portfolio,1,cn,cn_consumption_financial_core,historical_tail_threshold,393.0,19.0,0.04834605597964377,0.47459893048128343,0.04834605597964377,0.09669211176590332,2.0037763427387283,0.09669211095928754,0.0,0.0,0.0
portfolio,1,cn,cn_consumption_financial_core,logistic_regression,393.0,19.0,0.04834605597964377,0.4147199549676329,0.04548032217118858,0.26911569778885813,0.7339882243500238,0.42599029393729354,0.03389830508474576,0.21052631578947367,1.5513157894736842
portfolio,1,cn,cn_consumption_financial_core,random_forest,393.0,19.0,0.04834605597964377,0.4241486068111455,0.0664386019284842,0.12917118388386364,0.4293123239172489,0.2568980893075021,0.0,0.0,0.5171052631578947
portfolio,1,cn,cn_new_energy_healthcare,frozen_calibrated_xgboost,355.0,12.0,0.03380281690140845,0.44436345966958213,0.034474969751075196,0.03387528268173391,0.15738668159085312,0.01634038623674075,0.0,0.0,0.0
portfolio,1,cn,cn_new_energy_healthcare,frozen_raw_xgboost_without_calibration,355.0,12.0,0.03380281690140845,0.46695821185617103,0.03184717120223582,0.21124484368955015,0.614569655934592,0.4094113480037367,0.0,0.0,0.0
portfolio,1,cn,cn_new_energy_healthcare,gradient_boosting,355.0,12.0,0.03380281690140845,0.413508260447036,0.043668391590599966,0.11709344798829363,0.3790048717814492,0.13444037567272435,0.023255813953488372,0.08333333333333333,0.8217592592592593
portfolio,1,cn,cn_new_energy_healthcare,historical_tail_threshold,355.0,12.0,0.03380281690140845,0.48104956268221577,0.03380281690140845,0.07042253507042254,1.4593849200600715,0.07042253421126761,0.0,0.0,0.0
portfolio,1,cn,cn_new_energy_healthcare,logistic_regression,355.0,12.0,0.03380281690140845,0.5034013605442177,0.035394774832516525,0.24362796560556066,0.6832787605634265,0.4368050050188616,0.014705882352941176,0.08333333333333333,0.0
portfolio,1,cn,cn_new_energy_healthcare,random_forest,355.0,12.0,0.03380281690140845,0.4448493683187561,0.03284376914126984,0.09693170618835627,0.3580631969348767,0.23485010712616708,0.0,0.0,0.8217592592592593
portfolio,1,cn,cn_state_owned_defensive,frozen_calibrated_xgboost,393.0,21.0,0.05343511450381679,0.5418586789554531,0.060980939488533004,0.05078060016354297,0.21032478283779976,0.009345523539086941,0.0,0.0,0.9357142857142858
portfolio,1,cn,cn_state_owned_defensive,frozen_raw_xgboost_without_calibration,393.0,21.0,0.05343511450381679,0.5303379416282642,0.06560135730614747,0.19839170669275144,0.586599965783963,0.3734978024513667,0.045454545454545456,0.047619047619047616,0.9357142857142858
portfolio,1,cn,cn_state_owned_defensive,gradient_boosting,393.0,21.0,0.05343511450381679,0.6060547875064004,0.14280657937077113,0.0565409967087266,0.2313729669679607,0.04780137587424508,0.4,0.09523809523809523,2.3392857142857144
portfolio,1,cn,cn_state_owned_defensive,historical_tail_threshold,393.0,21.0,0.05343511450381679,0.49692780337941633,0.0531581589378754,0.10178117027989823,2.109238255461819,0.10178116948346055,0.047619047619047616,0.047619047619047616,0.4678571428571429
portfolio,1,cn,cn_state_owned_defensive,logistic_regression,393.0,21.0,0.05343511450381679,0.611111111111111,0.07336740790732205,0.2216180243320962,0.6421291602200059,0.3640509077302675,0.043010752688172046,0.19047619047619047,1.4035714285714285
portfolio,1,cn,cn_state_owned_defensive,random_forest,393.0,21.0,0.05343511450381679,0.6362007168458782,0.11611833499043525,0.10064638698857589,0.35833083050659875,0.20404477224667023,0.2,0.047619047619047616,1.4035714285714285
portfolio,1,hk,hk_china_etf_cross_asset,frozen_calibrated_xgboost,89.0,6.0,0.06741573033707865,0.5843373493975903,0.08851950518617185,0.06304645382014512,0.24769729978686308,0.026329459224858978,0.0,0.0,1.6481481481481481
portfolio,1,hk,hk_china_etf_cross_asset,frozen_raw_xgboost_without_calibration,89.0,6.0,0.06741573033707865,0.6044176706827309,0.12146239177489176,0.19963965460909414,0.586767096048766,0.3550350249148486,0.1111111111111111,0.16666666666666666,1.6481481481481481
portfolio,1,hk,hk_china_etf_cross_asset,gradient_boosting,89.0,6.0,0.06741573033707865,0.46285140562249,0.07146304662605138,0.11755102183119574,0.466336323191083,0.13538131742030107,0.0,0.0,0.0
portfolio,1,hk,hk_china_etf_cross_asset,historical_tail_threshold,89.0,6.0,0.06741573033707865,0.46987951807228917,0.06741573033707865,0.12359550537078653,2.5613025216384284,0.12359550461797753,0.0,0.0,0.0
portfolio,1,hk,hk_china_etf_cross_asset,logistic_regression,89.0,6.0,0.06741573033707865,0.5502008032128514,0.08679985241257826,0.26396029088641787,0.7210430136046717,0.42902417216880784,0.07407407407407407,0.3333333333333333,0.0
portfolio,1,hk,hk_china_etf_cross_asset,random_forest,89.0,6.0,0.06741573033707865,0.5100401606425703,0.07433041826066086,0.12039485157175216,0.41252380186302395,0.22577572529852127,0.0,0.0,0.0
portfolio,1,hk,hk_consumption_insurance_mix,frozen_calibrated_xgboost,364.0,15.0,0.04120879120879121,0.6151862464183381,0.0577167884172128,0.03942974528768215,0.17000065045434173,0.006136866485966104,0.0,0.0,1.9675675675675677
portfolio,1,hk,hk_consumption_insurance_mix,frozen_raw_xgboost_without_calibration,364.0,15.0,0.04120879120879121,0.6170009551098377,0.06703801103018756,0.19660814765669418,0.5837025460949621,0.3888162352390342,0.047619047619047616,0.06666666666666667,1.9675675675675677
portfolio,1,hk,hk_consumption_insurance_mix,gradient_boosting,364.0,15.0,0.04120879120879121,0.4256924546322827,0.03570557809982688,0.04273893737855861,0.19607871651389802,0.02089475031355868,0.0,0.0,0.0
portfolio,1,hk,hk_consumption_insurance_mix,historical_tail_threshold,364.0,15.0,0.04120879120879121,0.4785100286532951,0.04120879120879121,0.08241758225274727,1.7079614721610472,0.08241758141758242,0.0,0.0,0.0
portfolio,1,hk,hk_consumption_insurance_mix,logistic_regression,364.0,15.0,0.04120879120879121,0.4085959885386819,0.03469624391305591,0.2479737276541907,0.7321584836171688,0.4273424109469948,0.02,0.06666666666666667,0.0
portfolio,1,hk,hk_consumption_insurance_mix,random_forest,364.0,15.0,0.04120879120879121,0.3365807067812798,0.030553672439078586,0.09609116559607558,0.34856473666929705,0.1927220669873574,0.0,0.0,0.0
portfolio,1,hk,hk_income_property_credit,frozen_calibrated_xgboost,399.0,21.0,0.05263157894736842,0.6184807256235828,0.08078488052503746,0.04993008632327451,0.20440405294061884,0.013315288576338217,0.0,0.0,2.85
portfolio,1,hk,hk_income_property_credit,frozen_raw_xgboost_without_calibration,399.0,21.0,0.05263157894736842,0.629251700680272,0.08901631951326897,0.19605751978977792,0.5821909289515074,0.37232650133003864,0.13333333333333333,0.19047619047619047,2.85
portfolio,1,hk,hk_income_property_credit,gradient_boosting,399.0,21.0,0.05263157894736842,0.495527840765936,0.06572303650140995,0.06382954571378144,0.25141796405754396,0.05769178827568698,0.0,0.0,0.9500000000000001
portfolio,1,hk,hk_income_property_credit,historical_tail_threshold,399.0,21.0,0.05263157894736842,0.5476190476190476,0.06552094522019333,0.0902255637293233,1.8697683483763043,0.09022556290977445,0.14285714285714285,0.14285714285714285,1.9000000000000001
portfolio,1,hk,hk_income_property_credit,logistic_regression,399.0,21.0,0.05263157894736842,0.4887881078357269,0.05036366180527564,0.26243642617940444,0.7304775294071986,0.4320471918397704,0.02531645569620253,0.09523809523809523,0.0
portfolio,1,hk,hk_income_property_credit,random_forest,399.0,21.0,0.05263157894736842,0.5302343159486016,0.07347418778888205,0.10920432206214768,0.389018878461696,0.2312244806894886,0.0,0.0,0.9500000000000001
portfolio,1,hk,hk_platform_financial_core,frozen_calibrated_xgboost,306.0,20.0,0.06535947712418301,0.6555944055944056,0.13507523426476553,0.059874432392975116,0.23278237424026157,0.015148201135589803,0.0,0.0,1.4806451612903224
portfolio,1,hk,hk_platform_financial_core,frozen_raw_xgboost_without_calibration,306.0,20.0,0.06535947712418301,0.6655594405594406,0.19840031061424618,0.20757991258255537,0.6060947492780561,0.38103905281210265,0.2,0.25,2.4677419354838706
portfolio,1,hk,hk_platform_financial_core,gradient_boosting,306.0,20.0,0.06535947712418301,0.4753496503496504,0.061513793864774936,0.21832820527760124,0.6917728223170625,0.23723440951130267,0.0273972602739726,0.1,0.4935483870967742
portfolio,1,hk,hk_platform_financial_core,historical_tail_threshold,306.0,20.0,0.06535947712418301,0.46503496503496505,0.06535947712418301,0.13071895398692812,2.708923641534297,0.13071895324836602,0.0,0.0,0.0
portfolio,1,hk,hk_platform_financial_core,logistic_regression,306.0,20.0,0.06535947712418301,0.5041958041958042,0.0789703033608508,0.20670637777746664,0.6065041542188504,0.36912344927640406,0.15789473684210525,0.15,1.4806451612903224
portfolio,1,hk,hk_platform_financial_core,random_forest,306.0,20.0,0.06535947712418301,0.5583916083916084,0.08418305955773309,0.11615755293787154,0.4043490411712811,0.2195083770936397,0.0,0.0,0.9870967741935484
portfolio,1,jp,jp_auto_electronics_core,frozen_calibrated_xgboost,396.0,20.0,0.050505050505050504,0.6863031914893617,0.14456890296508224,0.04602451881102157,0.18704952434559946,0.008527678476197021,0.0,0.0,2.475
portfolio,1,jp,jp_auto_electronics_core,frozen_raw_xgboost_without_calibration,396.0,20.0,0.050505050505050504,0.6748670212765957,0.18814779143872162,0.2134633835126761,0.6193260237199395,0.4026145787552149,0.16666666666666666,0.4,3.465
portfolio,1,jp,jp_auto_electronics_core,gradient_boosting,396.0,20.0,0.050505050505050504,0.49042553191489363,0.06895941788415627,0.06149602621415247,0.24259690813624749,0.042615470342193124,0.1111111111111111,0.05,0.9900000000000001
portfolio,1,jp,jp_auto_electronics_core,historical_tail_threshold,396.0,20.0,0.050505050505050504,0.5260638297872341,0.05545454545454546,0.09090909072727275,1.8839332600988519,0.09090908990909091,0.1,0.1,1.4849999999999999
portfolio,1,jp,jp_auto_electronics_core,logistic_regression,396.0,20.0,0.050505050505050504,0.6293882978723404,0.11205229218501733,0.2927103447107769,0.806268352321426,0.4831962094721191,0.0782608695652174,0.45,2.9699999999999998
portfolio,1,jp,jp_auto_electronics_core,random_forest,396.0,20.0,0.050505050505050504,0.5867021276595745,0.1703387754139221,0.12421472273054683,0.42309918996481355,0.26599380857260435,0.0,0.0,1.9800000000000002
portfolio,1,jp,jp_defensive_domestic,frozen_calibrated_xgboost,396.0,20.0,0.050505050505050504,0.4909574468085106,0.08190997513205384,0.04765168587340078,0.20086668447852746,0.0051190999919793175,0.0,0.0,0.9900000000000001
portfolio,1,jp,jp_defensive_domestic,frozen_raw_xgboost_without_calibration,396.0,20.0,0.050505050505050504,0.46648936170212774,0.08839995997740153,0.2137284182996061,0.619521934152385,0.39519348499750845,0.07142857142857142,0.1,0.9900000000000001
portfolio,1,jp,jp_defensive_domestic,gradient_boosting,396.0,20.0,0.050505050505050504,0.5056515957446808,0.1441696360238678,0.05713408423280385,0.23899579017381295,0.05768945962647052,0.6666666666666666,0.1,2.475
portfolio,1,jp,jp_defensive_domestic,historical_tail_threshold,396.0,20.0,0.050505050505050504,0.4734042553191489,0.050505050505050504,0.10101010080808083,2.093259177776502,0.10101010001010102,0.0,0.0,0.49500000000000005
portfolio,1,jp,jp_defensive_domestic,logistic_regression,396.0,20.0,0.050505050505050504,0.37566489361702127,0.039872833537337754,0.17567741008679882,0.5394673017606819,0.34262528644045764,0.0,0.0,0.0
portfolio,1,jp,jp_defensive_domestic,random_forest,396.0,20.0,0.050505050505050504,0.3805851063829787,0.04029481561112218,0.09255943339136152,0.34724358886253925,0.18839948075553467,0.0,0.0,0.0
portfolio,1,jp,jp_financial_industrial_mix,frozen_calibrated_xgboost,396.0,17.0,0.04292929292929293,0.6766257954369083,0.16416145407555663,0.039291983069222165,0.1651524382688679,0.018244575394591345,0.0,0.0,2.911764705882353
portfolio,1,jp,jp_financial_industrial_mix,frozen_raw_xgboost_without_calibration,396.0,17.0,0.04292929292929293,0.6976563712556262,0.21407808143801077,0.21588659260807294,0.6229278835791392,0.4127203045845633,0.15384615384615385,0.47058823529411764,3.4941176470588236
portfolio,1,jp,jp_financial_industrial_mix,gradient_boosting,396.0,17.0,0.04292929292929293,0.5826478348595374,0.08618240718228158,0.05138586870795186,0.2053933318182875,0.03318489458191746,0.16666666666666666,0.058823529411764705,1.1647058823529413
portfolio,1,jp,jp_financial_industrial_mix,historical_tail_threshold,396.0,17.0,0.04292929292929293,0.5697656371255626,0.06649540386564609,0.07070707056565657,1.4652814247435515,0.07070706970707072,0.17647058823529413,0.17647058823529413,2.3294117647058825
portfolio,1,jp,jp_financial_industrial_mix,logistic_regression,396.0,17.0,0.04292929292929293,0.6507837963681514,0.0853476191181494,0.2950042784038314,0.8001169051311852,0.4895907023775733,0.08064516129032258,0.5882352941176471,1.1647058823529413
portfolio,1,jp,jp_financial_industrial_mix,random_forest,396.0,17.0,0.04292929292929293,0.7027782089088934,0.17801418413560138,0.12156024631174876,0.4147277969725156,0.27469645457206754,0.25,0.11764705882352941,2.3294117647058825
portfolio,1,jp,jp_index_style_blend,frozen_calibrated_xgboost,392.0,19.0,0.04846938775510204,0.6779314237335967,0.17372859797359963,0.044038804811537643,0.1808961715650936,0.014599344818450126,0.0,0.0,3.094736842105263
portfolio,1,jp,jp_index_style_blend,frozen_raw_xgboost_without_calibration,392.0,19.0,0.04846938775510204,0.681811768025963,0.18579838281867797,0.204331518711095,0.5994023816887473,0.39183311430471296,0.16279069767441862,0.3684210526315789,3.6105263157894734
portfolio,1,jp,jp_index_style_blend,gradient_boosting,392.0,19.0,0.04846938775510204,0.5778890927049527,0.08067467038250112,0.06502283933933012,0.24294345408052515,0.04599708673505868,0.125,0.05263157894736842,1.5473684210526315
portfolio,1,jp,jp_index_style_blend,historical_tail_threshold,392.0,19.0,0.04846938775510204,0.6114717087625229,0.10150375939849623,0.07397959168877552,1.5330987501496809,0.0739795908367347,0.25,0.2631578947368421,3.094736842105263
portfolio,1,jp,jp_index_style_blend,logistic_regression,392.0,19.0,0.04846938775510204,0.5525610272329617,0.06841070283530515,0.23338043454169308,0.6662417467341195,0.4053215772127486,0.046875,0.15789473684210525,1.0315789473684212
portfolio,1,jp,jp_index_style_blend,random_forest,392.0,19.0,0.04846938775510204,0.6413150839565401,0.20340069001389774,0.12852969575227177,0.429472634807116,0.2748094818402237,0.25,0.21052631578947367,3.094736842105263
portfolio,1,tw,tw_defensive_income_financials,frozen_calibrated_xgboost,394.0,31.0,0.07868020304568528,0.5307029236648005,0.08936690008550052,0.07343676993669966,0.2855048089078287,0.03224255852340482,0.0,0.0,1.270967741935484
portfolio,1,tw,tw_defensive_income_financials,frozen_raw_xgboost_without_calibration,394.0,31.0,0.07868020304568528,0.5292810806007288,0.10197932798733043,0.20512814744414518,0.6023017920893406,0.35359428709533613,0.12,0.0967741935483871,1.5887096774193548
portfolio,1,tw,tw_defensive_income_financials,gradient_boosting,394.0,31.0,0.07868020304568528,0.4698302674842264,0.1045515945763916,0.09704029606170687,0.35908741120847304,0.08164746088545846,0.08333333333333333,0.03225806451612903,0.635483870967742
portfolio,1,tw,tw_defensive_income_financials,historical_tail_threshold,394.0,31.0,0.07868020304568528,0.5111970141295654,0.08074340920255445,0.13959390835025381,2.892841680544834,0.13959390762944163,0.1,0.0967741935483871,0.9532258064516129
portfolio,1,tw,tw_defensive_income_financials,logistic_regression,394.0,31.0,0.07868020304568528,0.483248911401404,0.08700096591902737,0.32359649316010913,0.8517889089351548,0.4911399020909325,0.06206896551724138,0.2903225806451613,0.9532258064516129
portfolio,1,tw,tw_defensive_income_financials,random_forest,394.0,31.0,0.07868020304568528,0.45285701590686933,0.07918477867292811,0.16321586125306656,0.5105517890098189,0.2787467969016098,0.1111111111111111,0.03225806451612903,0.635483870967742
portfolio,1,tw,tw_electronics_supply_chain,frozen_calibrated_xgboost,394.0,26.0,0.06598984771573604,0.5983486622073578,0.09031297966427516,0.06151864573994749,0.24127659131216717,0.013272818414314753,0.0,0.0,1.5153846153846153
portfolio,1,tw,tw_electronics_supply_chain,frozen_raw_xgboost_without_calibration,394.0,26.0,0.06598984771573604,0.609636287625418,0.10154773250020208,0.23106613237066775,0.656716077089831,0.3990549788559754,0.08620689655172414,0.19230769230769232,1.5153846153846153
portfolio,1,tw,tw_electronics_supply_chain,gradient_boosting,394.0,26.0,0.06598984771573604,0.6452236622073579,0.09233482043744032,0.08322546756257661,0.2966572183855854,0.06656558170826549,0.0,0.0,0.7576923076923077
portfolio,1,tw,tw_electronics_supply_chain,historical_tail_threshold,394.0,26.0,0.06598984771573604,0.5483904682274247,0.08045294806716127,0.10913705561928934,2.261676223181767,0.10913705483756345,0.16,0.15384615384615385,1.5153846153846153
portfolio,1,tw,tw_electronics_supply_chain,logistic_regression,394.0,26.0,0.06598984771573604,0.5826714046822743,0.12972889442227464,0.2798900948812699,0.7653796029976899,0.4463949892177199,0.09401709401709402,0.4230769230769231,1.5153846153846153
portfolio,1,tw,tw_electronics_supply_chain,random_forest,394.0,26.0,0.06598984771573604,0.6495610367892976,0.11332991935705891,0.13016132488347473,0.42895473534131223,0.2427321027624801,0.0,0.0,2.651923076923077
portfolio,1,tw,tw_index_factor_mix,frozen_calibrated_xgboost,161.0,10.0,0.062111801242236024,0.6062913907284768,0.10463554476999978,0.05758497549196355,0.22815900152240462,0.010976091628859501,0.0,0.0,1.8941176470588235
portfolio,1,tw,tw_index_factor_mix,frozen_raw_xgboost_without_calibration,161.0,10.0,0.062111801242236024,0.619205298013245,0.18867554019786836,0.21164460415701472,0.6138559547314261,0.3809812253121263,0.1111111111111111,0.2,1.8941176470588235
portfolio,1,tw,tw_index_factor_mix,gradient_boosting,161.0,10.0,0.062111801242236024,0.4490066225165563,0.05906649313600293,0.1088941096403518,0.37890512923997427,0.12753278204207527,0.0,0.0,0.0
portfolio,1,tw,tw_index_factor_mix,historical_tail_threshold,161.0,10.0,0.062111801242236024,0.5735099337748344,0.08968944099378884,0.09937888178881989,2.059454992313031,0.09937888098757765,0.2,0.2,2.8411764705882354
portfolio,1,tw,tw_index_factor_mix,logistic_regression,161.0,10.0,0.062111801242236024,0.7059602649006622,0.16970887710266794,0.3510930963636641,0.9179391222564339,0.537791332797736,0.10256410256410256,0.8,1.8941176470588235
portfolio,1,tw,tw_index_factor_mix,random_forest,161.0,10.0,0.062111801242236024,0.662251655629139,0.13250522995117903,0.15101799499768004,0.4818493353262068,0.29202621006655644,0.08333333333333333,0.1,0.9470588235294117
portfolio,1,tw,tw_semiconductor_platform_core,frozen_calibrated_xgboost,394.0,21.0,0.0532994923857868,0.7082216264521894,0.09865965497718751,0.04954303624047726,0.1983332161041807,0.006330326766834643,0.0,0.0,2.3452380952380953
portfolio,1,tw,tw_semiconductor_platform_core,frozen_raw_xgboost_without_calibration,394.0,21.0,0.0532994923857868,0.7128813992084769,0.11420317992384396,0.2337656181458337,0.6621181422084284,0.4217820398244761,0.1323529411764706,0.42857142857142855,2.814285714285714
portfolio,1,tw,tw_semiconductor_platform_core,gradient_boosting,394.0,21.0,0.0532994923857868,0.6195582790757054,0.09256163974018602,0.09904551303636429,0.354668080110535,0.08862092581495962,0.07692307692307693,0.09523809523809523,0.9380952380952381
portfolio,1,tw,tw_semiconductor_platform_core,historical_tail_threshold,394.0,21.0,0.0532994923857868,0.5989403804417209,0.10013294657964708,0.07868020288832488,1.6305107658187,0.0786802020456853,0.25,0.23809523809523808,2.3452380952380953
portfolio,1,tw,tw_semiconductor_platform_core,logistic_regression,394.0,21.0,0.0532994923857868,0.5647899910634495,0.17345801865804483,0.2337335602547306,0.6718896219861196,0.412581421171889,0.08620689655172414,0.23809523809523808,2.3452380952380953
portfolio,1,tw,tw_semiconductor_platform_core,random_forest,394.0,21.0,0.0532994923857868,0.693603983148219,0.1901346566294033,0.11678653261529648,0.40316743379275877,0.2517243189261135,0.2857142857142857,0.19047619047619047,3.7523809523809524
portfolio,1,us,us_ai_infrastructure_barbell,frozen_calibrated_xgboost,409.0,23.0,0.05623471882640587,0.6086393331831493,0.09412567557994589,0.05248843844313049,0.2116419072495594,0.008469791435990283,0.0,0.0,2.168610816542948
portfolio,1,us,us_ai_infrastructure_barbell,frozen_raw_xgboost_without_calibration,409.0,23.0,0.05623471882640587,0.612300067582789,0.09187326508184765,0.24163854871061496,0.6769269045272173,0.4222583935429823,0.10526315789473684,0.34782608695652173,2.168610816542948
portfolio,1,us,us_ai_infrastructure_barbell,gradient_boosting,409.0,23.0,0.05623471882640587,0.5742847488173012,0.07421159700215392,0.056205424291106414,0.22881085450046984,0.03328549875768947,0.0,0.0,0.4337221633085896
portfolio,1,us,us_ai_infrastructure_barbell,historical_tail_threshold,409.0,23.0,0.05623471882640587,0.5188668619058346,0.05962631677524843,0.09779951080684599,2.026725267443063,0.097799510002445,0.09523809523809523,0.08695652173913043,2.168610816542948
portfolio,1,us,us_ai_infrastructure_barbell,logistic_regression,409.0,23.0,0.05623471882640587,0.6379815273710295,0.16046814945881388,0.1945779586165363,0.5769528086352002,0.36585361993862514,0.125,0.21739130434782608,2.168610816542948
portfolio,1,us,us_ai_infrastructure_barbell,random_forest,409.0,23.0,0.05623471882640587,0.6557783284523541,0.09963038924339404,0.10829205291651026,0.37354390913490687,0.20984858102865867,0.0,0.0,2.168610816542948
portfolio,1,us,us_dividend_low_volatility,frozen_calibrated_xgboost,409.0,24.0,0.05867970660146699,0.5893939393939394,0.12229267362440974,0.054535352259900416,0.22029253812604294,0.011524972516142585,0.0,0.0,2.078252032520325
portfolio,1,us,us_dividend_low_volatility,frozen_raw_xgboost_without_calibration,409.0,24.0,0.05867970660146699,0.5884199134199135,0.13477680459620373,0.19446172537976872,0.5787755469891983,0.36468771551815393,0.12,0.125,1.6626016260162602
portfolio,1,us,us_dividend_low_volatility,gradient_boosting,409.0,24.0,0.05867970660146699,0.5701298701298702,0.0655845021857292,0.08301514966937695,0.3068659502104917,0.07459954529809107,0.0,0.0,0.41565040650406504
portfolio,1,us,us_dividend_low_volatility,historical_tail_threshold,409.0,24.0,0.05867970660146699,0.513095238095238,0.06073417549578919,0.10757946188753058,2.2293977941634338,0.10757946110268948,0.08333333333333333,0.08333333333333333,1.246951219512195
portfolio,1,us,us_dividend_low_volatility,logistic_regression,409.0,24.0,0.05867970660146699,0.5865800865800866,0.09278744669887053,0.2093880618696536,0.6144401923230735,0.38564730572383865,0.17391304347826086,0.16666666666666666,1.6626016260162602
portfolio,1,us,us_dividend_low_volatility,random_forest,409.0,24.0,0.05867970660146699,0.5938311688311688,0.10424124176496911,0.0995719779224648,0.3627960120606143,0.20074568801620518,0.0,0.0,1.6626016260162602
portfolio,1,us,us_mid_small_sector_mix,frozen_calibrated_xgboost,409.0,23.0,0.05623471882640587,0.7096756026132012,0.1461156119065876,0.051311985828651624,0.20540178000442386,0.011401725650598772,0.0,0.0,2.168610816542948
portfolio,1,us,us_mid_small_sector_mix,frozen_raw_xgboost_without_calibration,409.0,23.0,0.05623471882640587,0.7104077494931291,0.17520266452233468,0.17432770713425177,0.5358696335867257,0.34479349039148877,0.18181818181818182,0.17391304347826086,2.168610816542948
portfolio,1,us,us_mid_small_sector_mix,gradient_boosting,409.0,23.0,0.05623471882640587,0.6326312232484794,0.0804201220538613,0.06558323601308633,0.246352973713189,0.044134729214625024,0.0,0.0,1.3011664899257687
portfolio,1,us,us_mid_small_sector_mix,historical_tail_threshold,409.0,23.0,0.05623471882640587,0.5175715251182699,0.05924988161620458,0.10024449857701712,2.077393399140443,0.1002444977775061,0.09090909090909091,0.08695652173913043,1.3011664899257687
portfolio,1,us,us_mid_small_sector_mix,logistic_regression,409.0,23.0,0.05623471882640587,0.6205226402342869,0.14520876815282646,0.19981643979117822,0.5899736373465178,0.37420485204175685,0.12,0.13043478260869565,2.168610816542948
portfolio,1,us,us_mid_small_sector_mix,random_forest,409.0,23.0,0.05623471882640587,0.6364045956296462,0.1678686716785994,0.10037883826063461,0.3614631706172355,0.21048645188748946,0.6,0.13043478260869565,3.0360551431601275
portfolio,1,us,us_quality_tech_finance,frozen_calibrated_xgboost,409.0,23.0,0.05623471882640587,0.5476458661860779,0.06655737300348478,0.05329311354202028,0.21867119665613904,0.007042354997475168,0.0,0.0,1.3011664899257687
portfolio,1,us,us_quality_tech_finance,frozen_raw_xgboost_without_calibration,409.0,23.0,0.05623471882640587,0.5594728542464519,0.06891683364305637,0.21258993700942874,0.6159735965773167,0.3870101145908127,0.03333333333333333,0.043478260869565216,0.4337221633085896
portfolio,1,us,us_quality_tech_finance,gradient_boosting,409.0,23.0,0.05623471882640587,0.6291394458211308,0.0961002159654118,0.07641863631874218,0.2964547354997767,0.06992010919645521,0.14285714285714285,0.08695652173913043,0.8674443266171792
portfolio,1,us,us_quality_tech_finance,historical_tail_threshold,409.0,23.0,0.05623471882640587,0.5393106555530525,0.06591298801540019,0.09779951080684599,2.0267252675122123,0.097799510002445,0.13043478260869565,0.13043478260869565,1.3011664899257687
portfolio,1,us,us_quality_tech_finance,logistic_regression,409.0,23.0,0.05623471882640587,0.575580085604866,0.17408598058898453,0.1502903538358254,0.477725502993166,0.29361126957265127,0.23809523809523808,0.21739130434782608,3.0360551431601275
portfolio,1,us,us_quality_tech_finance,random_forest,409.0,23.0,0.05623471882640587,0.6001351655778328,0.16007194444651862,0.08786451251426562,0.33298052859270183,0.17937266026733348,0.0,0.0,3.4697773064687167
portfolio,5,cn,cn_consumption_financial_core,frozen_calibrated_xgboost,391.0,24.0,0.061381074168797956,0.5685740236148955,0.1087886104487035,0.05734102528450309,0.23354847019480318,0.007059573517956783,0.0,0.0,3.665625
portfolio,5,cn,cn_consumption_financial_core,frozen_raw_xgboost_without_calibration,391.0,24.0,0.061381074168797956,0.5803814713896458,0.13581117455696032,0.2126683741569739,0.6172201946261459,0.384463338405275,0.17857142857142858,0.20833333333333334,2.8510416666666663
portfolio,5,cn,cn_consumption_financial_core,gradient_boosting,391.0,24.0,0.061381074168797956,0.43778383287920075,0.054524291064126325,0.09458853510435376,0.37515142959038356,0.10010476893471426,0.0,0.0,0.0
portfolio,5,cn,cn_consumption_financial_core,historical_tail_threshold,391.0,24.0,0.061381074168797956,0.4949477747502271,0.060906862745098045,0.10741687958056267,2.226028557642214,0.10741687879539642,0.05,0.041666666666666664,0.40729166666666666
portfolio,5,cn,cn_consumption_financial_core,logistic_regression,391.0,24.0,0.061381074168797956,0.47400090826521346,0.08516549420650257,0.2740493305038498,0.7601172449200629,0.4271944051877627,0.08490566037735849,0.375,1.6291666666666667
portfolio,5,cn,cn_consumption_financial_core,random_forest,391.0,24.0,0.061381074168797956,0.4348319709355132,0.056013955227956116,0.08987182824780314,0.3386739299867479,0.16374574547560247,0.0,0.0,0.0
portfolio,5,cn,cn_new_energy_healthcare,frozen_calibrated_xgboost,354.0,18.0,0.05084745762711865,0.5790343915343915,0.11246379538084178,0.04746354444534885,0.19589816773850366,0.004237436447918966,0.0,0.0,1.6388888888888886
portfolio,5,cn,cn_new_energy_healthcare,frozen_raw_xgboost_without_calibration,354.0,18.0,0.05084745762711865,0.5208333333333333,0.13964515104152242,0.18965942507450753,0.5672172779333848,0.3622456184551541,0.14285714285714285,0.16666666666666666,1.6388888888888886
portfolio,5,cn,cn_new_energy_healthcare,gradient_boosting,354.0,18.0,0.05084745762711865,0.4365079365079365,0.056356951221526716,0.07735185477759605,0.3104169406870617,0.09215216641814558,0.09090909090909091,0.05555555555555555,0.5462962962962963
portfolio,5,cn,cn_new_energy_healthcare,historical_tail_threshold,354.0,18.0,0.05084745762711865,0.49950396825396826,0.050800376647834274,0.10169491505084748,2.1074507654955577,0.1016949142542373,0.05,0.05555555555555555,1.6388888888888886
portfolio,5,cn,cn_new_energy_healthcare,logistic_regression,354.0,18.0,0.05084745762711865,0.5834986772486773,0.08707206413699466,0.2106201216843721,0.6043597418855031,0.36175610066423386,0.06557377049180328,0.2222222222222222,1.0925925925925926
portfolio,5,cn,cn_new_energy_healthcare,random_forest,354.0,18.0,0.05084745762711865,0.5646494708994709,0.05847092194100019,0.0846251181435181,0.32249001907312125,0.17472372730145533,0.0,0.0,0.5462962962962963
portfolio,5,cn,cn_state_owned_defensive,frozen_calibrated_xgboost,391.0,13.0,0.03324808184143223,0.595950345950346,0.08991978497464327,0.032413445505437774,0.15073255689536655,0.02801333728920468,0.0,0.0,1.5038461538461538
portfolio,5,cn,cn_state_owned_defensive,frozen_raw_xgboost_without_calibration,391.0,13.0,0.03324808184143223,0.6058201058201059,0.11967221292707411,0.21835782032364753,0.6287867742740951,0.42346664729630545,0.125,0.38461538461538464,3.759615384615384
portfolio,5,cn,cn_state_owned_defensive,gradient_boosting,391.0,13.0,0.03324808184143223,0.6391941391941393,0.08172880242128508,0.08766458744124807,0.36326322468147054,0.08319474190114845,0.13333333333333333,0.3076923076923077,3.759615384615384
portfolio,5,cn,cn_state_owned_defensive,historical_tail_threshold,391.0,13.0,0.03324808184143223,0.48677248677248675,0.03324808184143223,0.058823529294117646,1.2190156391319353,0.058823528411764706,0.0,0.0,0.7519230769230769
portfolio,5,cn,cn_state_owned_defensive,logistic_regression,391.0,13.0,0.03324808184143223,0.7087912087912089,0.09788223146239126,0.21871535556470673,0.647172425170114,0.40553968346412633,0.10606060606060606,0.5384615384615384,3.759615384615384
portfolio,5,cn,cn_state_owned_defensive,random_forest,391.0,13.0,0.03324808184143223,0.6436711436711438,0.2891808268568756,0.07311529008205352,0.289670935271561,0.18650270906211214,0.42857142857142855,0.23076923076923078,3.0076923076923077
portfolio,5,hk,hk_china_etf_cross_asset,frozen_calibrated_xgboost,87.0,5.0,0.05747126436781609,0.6170731707317072,0.09415336984996428,0.05527100524936964,0.2256849038433493,0.019991520620968144,0.0,0.0,0.0
portfolio,5,hk,hk_china_etf_cross_asset,frozen_raw_xgboost_without_calibration,87.0,5.0,0.05747126436781609,0.6487804878048781,0.14742424242424243,0.22270031025754553,0.6387446398611689,0.3992517069838513,0.21428571428571427,0.6,1.9333333333333333
portfolio,5,hk,hk_china_etf_cross_asset,gradient_boosting,87.0,5.0,0.05747126436781609,0.30975609756097566,0.04985188494131584,0.05976795215936258,0.3439060696710217,0.0508855273521042,0.0,0.0,0.0
portfolio,5,hk,hk_china_etf_cross_asset,historical_tail_threshold,87.0,5.0,0.05747126436781609,0.47560975609756095,0.05747126436781609,0.10344827565517244,2.143786123260291,0.10344827486206896,0.0,0.0,0.0
portfolio,5,hk,hk_china_etf_cross_asset,logistic_regression,87.0,5.0,0.05747126436781609,0.7268292682926829,0.17380162583758563,0.46034493818704786,1.3585792909019667,0.596705955342175,0.08163265306122448,0.8,1.9333333333333333
portfolio,5,hk,hk_china_etf_cross_asset,random_forest,87.0,5.0,0.05747126436781609,0.3292682926829268,0.05102535163734674,0.09039827454495224,0.3351165125462153,0.14492009068560605,0.0,0.0,0.0
portfolio,5,hk,hk_consumption_insurance_mix,frozen_calibrated_xgboost,362.0,11.0,0.03038674033149171,0.6333851333851334,0.04392188333037142,0.02989101111289989,0.13949956237397793,0.019598215370752865,0.0,0.0,1.7788697788697792
portfolio,5,hk,hk_consumption_insurance_mix,frozen_raw_xgboost_without_calibration,362.0,11.0,0.03038674033149171,0.6915306915306915,0.05932640393878212,0.1835770988253835,0.5557156090188836,0.38316880322951635,0.0,0.0,0.8894348894348896
portfolio,5,hk,hk_consumption_insurance_mix,gradient_boosting,362.0,11.0,0.03038674033149171,0.7460502460502461,0.06869794430943,0.03622641724776182,0.15185784283964768,0.036053174625533375,0.0,0.0,0.8894348894348896
portfolio,5,hk,hk_consumption_insurance_mix,historical_tail_threshold,362.0,11.0,0.03038674033149171,0.4829059829059829,0.03038674033149171,0.06353591147513812,1.316671588199311,0.06353591060220995,0.0,0.0,0.0
portfolio,5,hk,hk_consumption_insurance_mix,logistic_regression,362.0,11.0,0.03038674033149171,0.6228956228956228,0.0635306808214463,0.23666715710420694,0.665052796376838,0.43776136305614816,0.03389830508474576,0.18181818181818182,1.7788697788697792
portfolio,5,hk,hk_consumption_insurance_mix,random_forest,362.0,11.0,0.03038674033149171,0.7337477337477338,0.06334794037625523,0.06809906050760176,0.27448656962716583,0.178906370612394,0.0,0.0,1.7788697788697792
portfolio,5,hk,hk_income_property_credit,frozen_calibrated_xgboost,398.0,18.0,0.04522613065326633,0.5691520467836257,0.05898383357071729,0.04332006740562631,0.18543860854907063,0.003002157917207575,0.0,0.0,2.763888888888889
portfolio,5,hk,hk_income_property_credit,frozen_raw_xgboost_without_calibration,398.0,18.0,0.04522613065326633,0.5792397660818713,0.08019350978170636,0.18430506219539336,0.5554072383925928,0.3590252061734846,0.13333333333333333,0.2222222222222222,2.2111111111111112
portfolio,5,hk,hk_income_property_credit,gradient_boosting,398.0,18.0,0.04522613065326633,0.5616959064327486,0.07869071334802494,0.04480676142088653,0.2017341101676484,0.01767905606437488,0.0,0.0,1.6583333333333332
portfolio,5,hk,hk_income_property_credit,historical_tail_threshold,398.0,18.0,0.04522613065326633,0.5054093567251462,0.0457999875922824,0.08542713550753771,1.7703292444748004,0.08542713467839197,0.05555555555555555,0.05555555555555555,0.5527777777777778
portfolio,5,hk,hk_income_property_credit,logistic_regression,398.0,18.0,0.04522613065326633,0.48230994152046786,0.048807238589959515,0.2611781819295449,0.768270226855626,0.4072378106504228,0.0707070707070707,0.3888888888888889,0.0
portfolio,5,hk,hk_income_property_credit,random_forest,398.0,18.0,0.04522613065326633,0.5492690058479532,0.0791419147047982,0.08144782380846963,0.3141890210080248,0.1728705044449221,0.0,0.0,1.6583333333333332
portfolio,5,hk,hk_platform_financial_core,frozen_calibrated_xgboost,304.0,15.0,0.049342105263157895,0.408881199538639,0.04204735614534363,0.04723085731777305,0.20051150265046497,0.0012853801140169582,0.0,0.0,0.653763440860215
portfolio,5,hk,hk_platform_financial_core,frozen_raw_xgboost_without_calibration,304.0,15.0,0.049342105263157895,0.42006920415224913,0.050278823887103044,0.20725115887584844,0.6035457255137673,0.38521502671861335,0.08333333333333333,0.06666666666666667,0.653763440860215
portfolio,5,hk,hk_platform_financial_core,gradient_boosting,304.0,15.0,0.049342105263157895,0.5543252595155709,0.06545304461058397,0.07589154818265814,0.29785476057966026,0.05637876487502656,0.0,0.0,0.653763440860215
portfolio,5,hk,hk_platform_financial_core,historical_tail_threshold,304.0,15.0,0.049342105263157895,0.47231833910034604,0.049342105263157895,0.10197368400657897,2.1132277686541103,0.10197368321052631,0.0,0.0,0.0
portfolio,5,hk,hk_platform_financial_core,logistic_regression,304.0,15.0,0.049342105263157895,0.5460207612456748,0.05384905097517691,0.3149307196739255,0.8513313344054844,0.4847368079772708,0.038461538461538464,0.26666666666666666,0.0
portfolio,5,hk,hk_platform_financial_core,random_forest,304.0,15.0,0.049342105263157895,0.47381776239907725,0.06037142944125544,0.11163281640073998,0.39226278939690534,0.23258887083428476,0.0,0.0,0.653763440860215
portfolio,5,jp,jp_auto_electronics_core,frozen_calibrated_xgboost,394.0,9.0,0.02284263959390863,0.7503607503607503,0.06073052764229234,0.022950202134457576,0.11315986400607284,0.026982863589270767,0.0,0.0,3.283333333333333
portfolio,5,jp,jp_auto_electronics_core,frozen_raw_xgboost_without_calibration,394.0,9.0,0.02284263959390863,0.7336219336219336,0.09265663745855664,0.2069235224758848,0.60060297238329,0.40961786268780065,0.06557377049180328,0.4444444444444444,3.283333333333333
portfolio,5,jp,jp_auto_electronics_core,gradient_boosting,394.0,9.0,0.02284263959390863,0.6303030303030303,0.033215879515290744,0.043365050165500456,0.17213100740309903,0.07090838379747536,0.0,0.0,0.0
portfolio,5,jp,jp_auto_electronics_core,historical_tail_threshold,394.0,9.0,0.02284263959390863,0.4883116883116883,0.02284263959390863,0.045685279096446714,0.9467481870446008,0.04568527818781726,0.0,0.0,1.0944444444444446
portfolio,5,jp,jp_auto_electronics_core,logistic_regression,394.0,9.0,0.02284263959390863,0.5402597402597402,0.026941368443773414,0.2630522210837969,0.7676686816064346,0.4552019985638086,0.02912621359223301,0.3333333333333333,0.0
portfolio,5,jp,jp_auto_electronics_core,random_forest,394.0,9.0,0.02284263959390863,0.5076479076479077,0.06647491996889374,0.12120486494429511,0.4135163938638043,0.2922360582312701,0.1111111111111111,0.1111111111111111,3.283333333333333
portfolio,5,jp,jp_defensive_domestic,frozen_calibrated_xgboost,394.0,23.0,0.0583756345177665,0.5317590530880112,0.06423883832941694,0.055271555092519506,0.22299052379629827,0.012151402343826051,0.0,0.0,0.4282608695652174
portfolio,5,jp,jp_defensive_domestic,frozen_raw_xgboost_without_calibration,394.0,23.0,0.0583756345177665,0.571780147662018,0.06835144713289018,0.21379844788039834,0.6192409673241951,0.38534508354318936,0.0,0.0,0.0
portfolio,5,jp,jp_defensive_domestic,gradient_boosting,394.0,23.0,0.0583756345177665,0.6055314660728934,0.10446296015784248,0.05750215965897711,0.23359422485144482,0.03211712589493579,0.0,0.0,1.7130434782608697
portfolio,5,jp,jp_defensive_domestic,historical_tail_threshold,394.0,23.0,0.0583756345177665,0.47035040431266845,0.0583756345177665,0.11421319774111677,2.366870466075611,0.11421319696954316,0.0,0.0,0.0
portfolio,5,jp,jp_defensive_domestic,logistic_regression,394.0,23.0,0.0583756345177665,0.5220907066682292,0.059086505185574636,0.21448082083628423,0.5978370547351638,0.35584996756240467,0.03571428571428571,0.08695652173913043,0.4282608695652174
portfolio,5,jp,jp_defensive_domestic,random_forest,394.0,23.0,0.0583756345177665,0.6549865229110512,0.10847191922295875,0.10096325618728211,0.3617769134996502,0.19992858935479466,0.0,0.0,2.9978260869565214
portfolio,5,jp,jp_financial_industrial_mix,frozen_calibrated_xgboost,394.0,21.0,0.0532994923857868,0.6062172858419508,0.08257608963147592,0.04978558301877821,0.19712028663467296,0.006638239737436319,0.0,0.0,2.3452380952380953
portfolio,5,jp,jp_financial_industrial_mix,frozen_raw_xgboost_without_calibration,394.0,21.0,0.0532994923857868,0.6001531980084258,0.08158747074544395,0.2342515173649903,0.6508964453168596,0.3982871724718113,0.06493506493506493,0.23809523809523808,1.8761904761904762
portfolio,5,jp,jp_financial_industrial_mix,gradient_boosting,394.0,21.0,0.0532994923857868,0.8233116302821397,0.28737135568673083,0.045809595887526144,0.17338698847362136,0.020655367523619433,0.25,0.047619047619047616,5.15952380952381
portfolio,5,jp,jp_financial_industrial_mix,historical_tail_threshold,394.0,21.0,0.0532994923857868,0.5486403676752202,0.06711385061638869,0.08883248713197969,1.8408992516063885,0.08883248630964466,0.15,0.14285714285714285,1.8761904761904762
portfolio,5,jp,jp_financial_industrial_mix,logistic_regression,394.0,21.0,0.0532994923857868,0.6249202093706115,0.06967727588501735,0.19868502418818274,0.5769782217688576,0.3521778940760826,0.046511627906976744,0.09523809523809523,0.46904761904761905
portfolio,5,jp,jp_financial_industrial_mix,random_forest,394.0,21.0,0.0532994923857868,0.5669602961828163,0.0629511364963157,0.10044295419549365,0.356693036197842,0.19509804129126343,0.0,0.0,0.9380952380952381
portfolio,5,jp,jp_index_style_blend,frozen_calibrated_xgboost,390.0,22.0,0.05641025641025641,0.6795331027667983,0.08661978415672998,0.0530987960177417,0.20988018636093178,0.011840292201697841,0.0,0.0,0.9090909090909091
portfolio,5,jp,jp_index_style_blend,frozen_raw_xgboost_without_calibration,390.0,22.0,0.05641025641025641,0.7382658102766798,0.13544797064670352,0.203527102534048,0.590711356132988,0.37434311023889444,0.1875,0.4090909090909091,3.1818181818181817
portfolio,5,jp,jp_index_style_blend,gradient_boosting,390.0,22.0,0.05641025641025641,0.5815217391304348,0.08607351015249604,0.08510797170768977,0.2983603952353271,0.07452210242260873,0.125,0.13636363636363635,2.2727272727272725
portfolio,5,jp,jp_index_style_blend,historical_tail_threshold,390.0,22.0,0.05641025641025641,0.5423666007905138,0.06731299004026277,0.09743589724102567,2.019190006905949,0.09743589643589745,0.13636363636363635,0.13636363636363635,2.2727272727272725
portfolio,5,jp,jp_index_style_blend,logistic_regression,390.0,22.0,0.05641025641025641,0.6913290513833992,0.1277625938875971,0.26333129883180434,0.7211953207584033,0.45398271337853063,0.1566265060240964,0.5909090909090909,2.7272727272727275
portfolio,5,jp,jp_index_style_blend,random_forest,390.0,22.0,0.05641025641025641,0.5954792490118577,0.13158294117093897,0.12945348655077127,0.4356160139709869,0.2663003386807062,0.16666666666666666,0.045454545454545456,3.1818181818181817
portfolio,5,tw,tw_defensive_income_financials,frozen_calibrated_xgboost,392.0,19.0,0.04846938775510204,0.6070975024693099,0.06346090517452359,0.04601491523229094,0.19155074665572944,0.0016594381401242708,0.0,0.0,2.0631578947368423
portfolio,5,tw,tw_defensive_income_financials,frozen_raw_xgboost_without_calibration,392.0,19.0,0.04846938775510204,0.6140115704811627,0.07348702628023732,0.19021701469470062,0.5680557162732124,0.3674790726936593,0.06896551724137931,0.10526315789473684,1.5473684210526315
portfolio,5,tw,tw_defensive_income_financials,gradient_boosting,392.0,19.0,0.04846938775510204,0.5632143361083675,0.05721451543362156,0.10115143941821836,0.4304454480519062,0.10652554144549618,0.0,0.0,1.0315789473684212
portfolio,5,tw,tw_defensive_income_financials,historical_tail_threshold,392.0,19.0,0.04846938775510204,0.5021871031466064,0.048688450449431854,0.0918367345102041,1.9031570688651667,0.09183673369387756,0.05263157894736842,0.05263157894736842,0.5157894736842106
portfolio,5,tw,tw_defensive_income_financials,logistic_regression,392.0,19.0,0.04846938775510204,0.5524199238041484,0.05347938750363025,0.3017489673999646,0.8284898019493164,0.4656821433676224,0.03333333333333333,0.21052631578947367,0.5157894736842106
portfolio,5,tw,tw_defensive_income_financials,random_forest,392.0,19.0,0.04846938775510204,0.6198673627769155,0.07198251105484016,0.13268330172121565,0.4357369059232638,0.27312596375224496,0.0,0.0,1.0315789473684212
portfolio,5,tw,tw_electronics_supply_chain,frozen_calibrated_xgboost,392.0,20.0,0.05102040816326531,0.6375672043010753,0.0755399977495219,0.04825709852197275,0.1932399403482047,0.0066170024758409884,0.0,0.0,2.4499999999999997
portfolio,5,tw,tw_electronics_supply_chain,frozen_raw_xgboost_without_calibration,392.0,20.0,0.05102040816326531,0.6251344086021505,0.07427153220940083,0.2149397489863117,0.6147891630905316,0.3801200793086722,0.04477611940298507,0.15,1.47
portfolio,5,tw,tw_electronics_supply_chain,gradient_boosting,392.0,20.0,0.05102040816326531,0.5505376344086022,0.06741547371462966,0.08012433460589248,0.2912245509173919,0.0795969296904701,0.14285714285714285,0.1,0.98
portfolio,5,tw,tw_electronics_supply_chain,historical_tail_threshold,392.0,20.0,0.05102040816326531,0.5271505376344087,0.05644468313641246,0.08928571410714287,1.8502915947217273,0.08928571328571429,0.10526315789473684,0.1,1.47
portfolio,5,tw,tw_electronics_supply_chain,logistic_regression,392.0,20.0,0.05102040816326531,0.6560483870967742,0.09262313809139648,0.25101689773705266,0.6994621360445169,0.41003143722488083,0.09259259259259259,0.5,1.96
portfolio,5,tw,tw_electronics_supply_chain,random_forest,392.0,20.0,0.05102040816326531,0.7334677419354838,0.16667816663218718,0.10616428232889093,0.3676545058141163,0.2243421398141903,0.25,0.1,2.94
portfolio,5,tw,tw_index_factor_mix,frozen_calibrated_xgboost,160.0,7.0,0.04375,0.5326797385620915,0.048857752056046304,0.04179150675705837,0.17825393331634032,0.008882917719893161,0.0,0.0,1.4285714285714286
portfolio,5,tw,tw_index_factor_mix,frozen_raw_xgboost_without_calibration,160.0,7.0,0.04375,0.5723622782446312,0.055188601051338604,0.2063158795090681,0.6032680561297943,0.39396460428833957,0.0,0.0,0.0
portfolio,5,tw,tw_index_factor_mix,gradient_boosting,160.0,7.0,0.04375,0.5975723622782446,0.10580259055471766,0.07291834304428127,0.2584704268743593,0.07365250790142362,0.14285714285714285,0.14285714285714285,1.4285714285714286
portfolio,5,tw,tw_index_factor_mix,historical_tail_threshold,160.0,7.0,0.04375,0.477124183006536,0.04375,0.08749999982500001,1.813285762882645,0.087499999,0.0,0.0,7.142857142857143
portfolio,5,tw,tw_index_factor_mix,logistic_regression,160.0,7.0,0.04375,0.4687208216619981,0.0630226419091306,0.4702137236058199,1.212968957628998,0.6413551480489078,0.031496062992125984,0.5714285714285714,1.4285714285714286
portfolio,5,tw,tw_index_factor_mix,random_forest,160.0,7.0,0.04375,0.5275443510737629,0.0490837470919222,0.1646842909080386,0.5046885177938863,0.32239451415792786,0.0,0.0,0.0
portfolio,5,tw,tw_semiconductor_platform_core,frozen_calibrated_xgboost,392.0,16.0,0.04081632653061224,0.7240691489361702,0.07633563265030094,0.038724385341141365,0.16355470847668507,0.010524040441753521,0.0,0.0,2.45
portfolio,5,tw,tw_semiconductor_platform_core,frozen_raw_xgboost_without_calibration,392.0,16.0,0.04081632653061224,0.7169215425531915,0.08964372209271056,0.1967674515918513,0.5791502183702659,0.37970857010508074,0.1206896551724138,0.4375,3.0625000000000004
portfolio,5,tw,tw_semiconductor_platform_core,gradient_boosting,392.0,16.0,0.04081632653061224,0.5444647606382979,0.04921714309803667,0.06793735790523697,0.24965295571068777,0.0779501997864808,0.0,0.0,1.225
portfolio,5,tw,tw_semiconductor_platform_core,historical_tail_threshold,392.0,16.0,0.04081632653061224,0.5113031914893618,0.042171556122448974,0.07653061209183674,1.5859642242209722,0.07653061124489796,0.0625,0.0625,1.225
portfolio,5,tw,tw_semiconductor_platform_core,logistic_regression,392.0,16.0,0.04081632653061224,0.45362367021276595,0.05634117884217869,0.2074918285659827,0.6060482666356279,0.38578815857755705,0.08823529411764706,0.1875,1.8375000000000001
portfolio,5,tw,tw_semiconductor_platform_core,random_forest,392.0,16.0,0.04081632653061224,0.6251662234042552,0.23783785842855204,0.0922074876368474,0.3425763111249535,0.2242090713444608,1.0,0.1875,2.45
portfolio,5,us,us_ai_infrastructure_barbell,frozen_calibrated_xgboost,407.0,15.0,0.036855036855036855,0.4397108843537415,0.03396549846227411,0.036894060190275364,0.16756432287666503,0.016814855685465598,0.0,0.0,0.6617886178861789
portfolio,5,us,us_ai_infrastructure_barbell,frozen_raw_xgboost_without_calibration,407.0,15.0,0.036855036855036855,0.4372448979591837,0.03457751082769618,0.23382056518803113,0.656488044258179,0.4136972287875722,0.012987012987012988,0.06666666666666667,0.6617886178861789
portfolio,5,us,us_ai_infrastructure_barbell,gradient_boosting,407.0,15.0,0.036855036855036855,0.49889455782312925,0.03789307513414942,0.03884145425953551,0.17712196968215518,0.019851665700269795,0.0,0.0,0.6617886178861789
portfolio,5,us,us_ai_infrastructure_barbell,historical_tail_threshold,407.0,15.0,0.036855036855036855,0.48086734693877553,0.036855036855036855,0.07371007356265356,1.5275134543233935,0.07371007271007371,0.0,0.0,0.0
portfolio,5,us,us_ai_infrastructure_barbell,logistic_regression,407.0,15.0,0.036855036855036855,0.6542517006802722,0.058742701451668766,0.18457644022796654,0.5475801415698412,0.36188835025190436,0.05555555555555555,0.13333333333333333,1.3235772357723579
portfolio,5,us,us_ai_infrastructure_barbell,random_forest,407.0,15.0,0.036855036855036855,0.566156462585034,0.06603850887275106,0.08964172172626629,0.328799665552754,0.20475879394275007,0.0,0.0,2.6471544715447157
portfolio,5,us,us_dividend_low_volatility,frozen_calibrated_xgboost,407.0,27.0,0.06633906633906633,0.6393762183235867,0.10417605198134244,0.06156523326924226,0.24130916140706518,0.012030968819953707,0.0,0.0,1.4706413730803978
portfolio,5,us,us_dividend_low_volatility,frozen_raw_xgboost_without_calibration,407.0,27.0,0.06633906633906633,0.637037037037037,0.12033551526165362,0.22658907701002634,0.6466143698353511,0.3971518356472034,0.16666666666666666,0.3333333333333333,2.2059620596205964
portfolio,5,us,us_dividend_low_volatility,gradient_boosting,407.0,27.0,0.06633906633906633,0.587280701754386,0.08056005148746095,0.07006675400255202,0.29937347227400807,0.06334013516940115,0.0,0.0,0.0
portfolio,5,us,us_dividend_low_volatility,historical_tail_threshold,407.0,27.0,0.06633906633906633,0.5054580896686159,0.06712306712306712,0.12039312015233418,2.4949386413934644,0.12039311939312039,0.07692307692307693,0.07407407407407407,1.1029810298102982
portfolio,5,us,us_dividend_low_volatility,logistic_regression,407.0,27.0,0.06633906633906633,0.542495126705653,0.06986797680414111,0.20549238964122804,0.6109175052547344,0.35073444410375926,0.05,0.07407407407407407,0.7353206865401989
portfolio,5,us,us_dividend_low_volatility,random_forest,407.0,27.0,0.06633906633906633,0.5219298245614035,0.07637550573790088,0.11550412928827339,0.3891776957914789,0.1807435460812828,0.0,0.0,1.8383017163504969
portfolio,5,us,us_mid_small_sector_mix,frozen_calibrated_xgboost,407.0,22.0,0.05405405405405406,0.5618654073199527,0.06249228019160255,0.05114030075278419,0.20929274824224348,0.004818069441784629,0.0,0.0,1.8048780487804879
portfolio,5,us,us_mid_small_sector_mix,frozen_raw_xgboost_without_calibration,407.0,22.0,0.05405405405405406,0.6392561983471075,0.10117822289935459,0.19660986435422417,0.5823574989460907,0.37571112624843234,0.1,0.045454545454545456,1.8048780487804879
portfolio,5,us,us_mid_small_sector_mix,gradient_boosting,407.0,22.0,0.05405405405405406,0.6023612750885479,0.11033935615603105,0.05288961175839914,0.22900979100367516,0.04005657461879972,1.0,0.045454545454545456,0.9024390243902439
portfolio,5,us,us_mid_small_sector_mix,historical_tail_threshold,407.0,22.0,0.05405405405405406,0.4967532467532467,0.05376155376155377,0.10073710053562655,2.0876017205072266,0.10073709973710074,0.047619047619047616,0.045454545454545456,0.45121951219512196
portfolio,5,us,us_mid_small_sector_mix,logistic_regression,407.0,22.0,0.05405405405405406,0.4969303423848879,0.0649252882052058,0.22799967508238048,0.6476648619165791,0.3963462766599041,0.06451612903225806,0.18181818181818182,0.45121951219512196
portfolio,5,us,us_mid_small_sector_mix,random_forest,407.0,22.0,0.05405405405405406,0.5789846517119244,0.0741573754295784,0.08942645867415487,0.3277723376187479,0.16517891752887728,0.25,0.045454545454545456,0.45121951219512196
portfolio,5,us,us_quality_tech_finance,frozen_calibrated_xgboost,407.0,26.0,0.06388206388206388,0.6933171815061578,0.11684374767865494,0.059321259491256106,0.2312642475407419,0.01701039822181213,0.0,0.0,3.4362101313320825
portfolio,5,us,us_quality_tech_finance,frozen_raw_xgboost_without_calibration,407.0,26.0,0.06388206388206388,0.6661114476075106,0.11834986487692206,0.190886048969807,0.5668124380658877,0.3522955413532491,0.1388888888888889,0.19230769230769232,1.9090056285178236
portfolio,5,us,us_quality_tech_finance,gradient_boosting,407.0,26.0,0.06388206388206388,0.6718655360387644,0.10585040437263439,0.07757453287388004,0.29678948805083866,0.06899001588099134,0.1,0.038461538461538464,1.527204502814259
portfolio,5,us,us_quality_tech_finance,historical_tail_threshold,407.0,26.0,0.06388206388206388,0.5301332525741975,0.07093413343413343,0.10810810789189189,2.240353065804822,0.10810810710810811,0.125,0.11538461538461539,1.1454033771106942
portfolio,5,us,us_quality_tech_finance,logistic_regression,407.0,26.0,0.06388206388206388,0.5423985463355543,0.06822713691126461,0.13196563226972569,0.41749214083899294,0.2074473116020349,0.0,0.0,0.7636022514071295
portfolio,5,us,us_quality_tech_finance,random_forest,407.0,26.0,0.06388206388206388,0.625479507369271,0.0895626382566173,0.08493287039039886,0.3194070934243704,0.14353467077188806,0.0,0.0,0.3818011257035647
market,1,cn,,frozen_calibrated_xgboost,1141.0,52.0,0.04557405784399649,0.5355654446563537,0.08078249479077268,0.04289011631848547,0.18419071865194922,0.003448294928836038,1.0,0.019230769230769232,0.9540133779264214
market,1,cn,,frozen_raw_xgboost_without_calibration,1141.0,52.0,0.04557405784399649,0.540633608815427,0.08387696238118282,0.20062456933123107,0.5920601541431936,0.3869182648860395,0.05970149253731343,0.07692307692307693,1.1448160535117058
market,1,cn,,gradient_boosting,1141.0,52.0,0.04557405784399649,0.5125203079748534,0.04901473412559727,0.12840327151464334,0.4466849711168945,0.1396136015436577,0.038461538461538464,0.09615384615384616,0.7632107023411372
market,1,cn,,historical_tail_threshold,1141.0,52.0,0.04557405784399649,0.4857402698311789,0.04506047835715621,0.090271691318142,1.8707242626767224,0.09027169049868539,0.018867924528301886,0.019230769230769232,1.1448160535117058
market,1,cn,,logistic_regression,1141.0,52.0,0.04557405784399649,0.5044854135763226,0.04687875897726461,0.24482583749650222,0.686571509321681,0.40743604190257254,0.03225806451612903,0.17307692307692307,1.33561872909699
market,1,cn,,random_forest,1141.0,52.0,0.04557405784399649,0.5143038779402416,0.0634522689089524,0.10931556621361543,0.3826960513588548,0.2312001104711032,0.2,0.019230769230769232,0.9540133779264214
market,1,hk,,frozen_calibrated_xgboost,1158.0,62.0,0.0535405872193437,0.6254635625147162,0.07903927126286939,0.050265321614806666,0.204416165878444,0.007517845299885053,0.0,0.0,1.932146829810901
market,1,hk,,frozen_raw_xgboost_without_calibration,1158.0,62.0,0.0535405872193437,0.6322992700729926,0.09109091097124777,0.19955068968361775,0.5893343456456331,0.3784831183381855,0.12941176470588237,0.1774193548387097,2.254171301446051
market,1,hk,,gradient_boosting,1158.0,62.0,0.0535405872193437,0.47466594066399814,0.04920602661970913,0.10215495138472931,0.366904004199522,0.09912942593726057,0.024390243902439025,0.03225806451612903,0.8050611790878754
market,1,hk,,historical_tail_threshold,1158.0,62.0,0.0535405872193437,0.4977336943724982,0.0533296069281909,0.10103626922797927,2.0938014728878076,0.10103626843005184,0.04918032786885246,0.04838709677419355,0.6440489432703003
market,1,hk,,logistic_regression,1158.0,62.0,0.0535405872193437,0.4834294796326819,0.049722289806021384,0.2432808189987079,0.6975210031709032,0.4134864279149137,0.045714285714285714,0.12903225806451613,0.32202447163515013
market,1,hk,,random_forest,1158.0,62.0,0.0535405872193437,0.4972480574523193,0.055721537286052614,0.10777984608691112,0.38216020865117617,0.2156070838693663,0.0,0.0,0.6440489432703003
market,1,jp,,frozen_calibrated_xgboost,1580.0,76.0,0.04810126582278481,0.6308921822508399,0.13051330441856052,0.044252287238332896,0.1834977743685713,0.011615138796511673,0.0,0.0,2.5
market,1,jp,,frozen_raw_xgboost_without_calibration,1580.0,76.0,0.04810126582278481,0.6284994400895856,0.14963499505397296,0.21187151868684168,0.6153347891371952,0.40037780667218986,0.14619883040935672,0.32894736842105265,3.2894736842105265
market,1,jp,,gradient_boosting,1580.0,76.0,0.04810126582278481,0.5369890817469205,0.08845004891927852,0.05874384858630446,0.2324558872977162,0.042996242392688504,0.19230769230769232,0.06578947368421052,1.7105263157894737
market,1,jp,,historical_tail_threshold,1580.0,76.0,0.04810126582278481,0.5435155375139977,0.058860326881646,0.08417721502151901,1.7444268099087097,0.08417721418987342,0.12987012987012986,0.13157894736842105,2.1052631578947367
market,1,jp,,logistic_regression,1580.0,76.0,0.04810126582278481,0.5488521836506159,0.07025572937088462,0.24923314904310187,0.7031166950431892,0.4302463853103145,0.07051282051282051,0.2894736842105263,1.4473684210526314
market,1,jp,,random_forest,1580.0,76.0,0.04810126582278481,0.5706012038073909,0.11804068751235161,0.11668611651811313,0.4035703929500869,0.25091446548471485,0.25,0.07894736842105263,2.236842105263158
market,1,tw,,frozen_calibrated_xgboost,1343.0,88.0,0.06552494415487714,0.5958303151032235,0.08764517102189325,0.06103020931463377,0.24008098144216886,0.01388169519269203,0.0,0.0,1.6957070707070707
market,1,tw,,frozen_raw_xgboost_without_calibration,1343.0,88.0,0.06552494415487714,0.6023632741760232,0.09629636424896468,0.22192031352626518,0.6371991043920134,0.3902188471711933,0.11242603550295859,0.2159090909090909,1.8087542087542088
market,1,tw,,gradient_boosting,1343.0,88.0,0.06552494415487714,0.5610059760956175,0.07920078165919237,0.09499671977393288,0.34185132794582695,0.0845101770688576,0.05454545454545454,0.03409090909090909,0.6782828282828283
market,1,tw,,historical_tail_threshold,1343.0,88.0,0.06552494415487714,0.5512586019558131,0.08130372977729643,0.10796723731198811,2.2374337673590814,0.10796723652792256,0.16470588235294117,0.1590909090909091,2.147895622895623
market,1,tw,,logistic_regression,1343.0,88.0,0.06552494415487714,0.5801521187975371,0.1186716375569948,0.2877071682376896,0.7815912907277421,0.4605586237511309,0.0829145728643216,0.375,2.0348484848484847
market,1,tw,,random_forest,1343.0,88.0,0.06552494415487714,0.6142339731981166,0.10636599012569535,0.13843514697159387,0.4516688626181772,0.26107612108037814,0.1276595744680851,0.06818181818181818,2.373989898989899
market,1,us,,frozen_calibrated_xgboost,1636.0,93.0,0.05684596577017115,0.6119833587690506,0.10230645410575173,0.0529072225184257,0.21400185550904133,0.0067009654037340684,0.0,0.0,1.8234985575662208
market,1,us,,frozen_raw_xgboost_without_calibration,1636.0,93.0,0.05684596577017115,0.615976417954132,0.10700324674371721,0.20575447955851606,0.6018864204201145,0.3796874285108594,0.10457516339869281,0.17204301075268819,1.7162339365329138
market,1,us,,gradient_boosting,1636.0,93.0,0.05684596577017115,0.6001888514902544,0.07148793930847164,0.07030561157307796,0.2696211284809818,0.05548497061671519,0.058823529411764705,0.021505376344086023,0.8581169682664569
market,1,us,,historical_tail_threshold,1636.0,93.0,0.05684596577017115,0.5221395271047184,0.061022162631122326,0.10085574551955992,2.090060432064788,0.1008557447212714,0.1,0.0967741935483871,1.1799108313663782
market,1,us,,logistic_regression,1636.0,93.0,0.05684596577017115,0.6083387340678332,0.13119973034045515,0.18851820352829837,0.5647730353244893,0.3542789858971371,0.1559633027522936,0.1827956989247312,2.6816155258326777
market,1,us,,random_forest,1636.0,93.0,0.05684596577017115,0.6253283995010419,0.11284589787810298,0.09902684540346883,0.3576959051013646,0.19816973681415373,0.25,0.03225806451612903,2.5743509047993705
market,5,cn,,frozen_calibrated_xgboost,1136.0,55.0,0.04841549295774648,0.5694054326801783,0.08449700856688404,0.045683180292711595,0.19331147268634385,0.007560464476489859,0.0,0.0,2.53652312599681
market,5,cn,,frozen_raw_xgboost_without_calibration,1136.0,55.0,0.04841549295774648,0.5491380035320831,0.1058523557398913,0.20745658320272767,0.6056194024897997,0.39096441315355857,0.14606741573033707,0.23636363636363636,2.898883572567783
market,5,cn,,gradient_boosting,1136.0,55.0,0.04841549295774648,0.49282650744260365,0.056683114971541264,0.08683409111496417,0.35088708347140385,0.09155657908876957,0.08620689655172414,0.09090909090909091,1.0870813397129186
market,5,cn,,historical_tail_threshold,1136.0,55.0,0.04841549295774648,0.4959801530569338,0.04810947503201024,0.08890845052640847,1.8424734612008098,0.08890844970422536,0.04,0.03636363636363636,0.5435406698564593
market,5,cn,,logistic_regression,1136.0,55.0,0.04841549295774648,0.5654528635102178,0.08331651797294129,0.23523812969108565,0.6727056422823304,0.39868617486738606,0.08583690987124463,0.36363636363636365,1.8118022328548644
market,5,cn,,random_forest,1136.0,55.0,0.04841549295774648,0.5305861575981835,0.10690472867853776,0.08246941469170718,0.3167643565738413,0.1687894903763059,0.42857142857142855,0.05454545454545454,1.0870813397129186
market,5,hk,,frozen_calibrated_xgboost,1151.0,49.0,0.04257167680278019,0.5456128004740917,0.048647792375019046,0.04103274624813831,0.17801345892443343,0.007493585243060134,0.0,0.0,1.6199859254046445
market,5,hk,,frozen_raw_xgboost_without_calibration,1151.0,49.0,0.04257167680278019,0.5714656098374014,0.061665044712428466,0.19303875223216316,0.5745176503642005,0.37657637311571274,0.10666666666666667,0.16326530612244897,2.024982406755806
market,5,hk,,gradient_boosting,1151.0,49.0,0.04257167680278019,0.5696229489981111,0.05336947142308274,0.05144908477375781,0.2221810514615744,0.036066564583727194,0.0,0.0,1.417487684729064
market,5,hk,,historical_tail_threshold,1151.0,49.0,0.04257167680278019,0.4879717767324716,0.04211103033741733,0.08427454370634231,1.7464437781265127,0.0842745428748914,0.02,0.02040816326530612,0.20249824067558056
market,5,hk,,logistic_regression,1151.0,49.0,0.04257167680278019,0.5755213156042817,0.06071732272540966,0.28272056966362147,0.8023647146348329,0.4500339626126332,0.05466237942122187,0.3469387755102041,0.8099929627023222
market,5,hk,,random_forest,1151.0,49.0,0.04257167680278019,0.5552242675654655,0.05591319948802876,0.08589845338901698,0.3239047724886254,0.18795358826160355,0.0,0.0,1.2149894440534834
market,5,jp,,frozen_calibrated_xgboost,1572.0,75.0,0.04770992366412214,0.6266889334224004,0.0660499033237435,0.04525663009144201,0.1857264112016277,0.003931877669098145,0.0,0.0,1.4592405063291138
market,5,jp,,frozen_raw_xgboost_without_calibration,1572.0,75.0,0.04770992366412214,0.6519706078824316,0.07560495670803596,0.2146533868641606,0.6154256619538531,0.3919429769478833,0.07964601769911504,0.24,1.8572151898734177
market,5,jp,,gradient_boosting,1572.0,75.0,0.04770992366412214,0.6509730572255622,0.08693397709490402,0.057877080417638976,0.21916715592154878,0.03803916576916691,0.10810810810810811,0.05333333333333334,2.3878481012658224
market,5,jp,,historical_tail_threshold,1572.0,75.0,0.04770992366412214,0.517621910487642,0.0504684722367458,0.0865139947379135,1.7928525172745553,0.08651399391094147,0.0821917808219178,0.08,1.591898734177215
market,5,jp,,logistic_regression,1572.0,75.0,0.04770992366412214,0.5737697617457136,0.05489169885923838,0.23481496475258246,0.665779169587339,0.40369348055863297,0.07017543859649122,0.26666666666666666,0.39797468354430376
market,5,jp,,random_forest,1572.0,75.0,0.04770992366412214,0.57270986417279,0.07085432061212524,0.1129743151613656,0.3917893542060024,0.23761088679234954,0.08695652173913043,0.02666666666666667,2.2551898734177214
market,5,tw,,frozen_calibrated_xgboost,1336.0,62.0,0.04640718562874251,0.6405973059198865,0.06686373431657233,0.04402786641207195,0.18223953919088115,0.004997377387934322,0.0,0.0,1.6080885893115069
market,5,tw,,frozen_raw_xgboost_without_calibration,1336.0,62.0,0.04640718562874251,0.6430027345925964,0.06953336204427396,0.20132098286557895,0.5892402449794155,0.37794832616185625,0.07272727272727272,0.1935483870967742,1.7688974482426578
market,5,tw,,gradient_boosting,1336.0,62.0,0.04640718562874251,0.5639464222413532,0.054645473060187494,0.08185515164924352,0.3159534929150089,0.08630306007921185,0.06,0.04838709677419355,1.125662012518055
market,5,tw,,historical_tail_threshold,1336.0,62.0,0.04640718562874251,0.509887577859928,0.04764373949087547,0.08607784413922157,1.783814052456517,0.08607784331137726,0.06557377049180328,0.06451612903225806,1.125662012518055
market,5,tw,,logistic_regression,1336.0,62.0,0.04640718562874251,0.5612624702486454,0.05580352767983647,0.27938264349439157,0.7714095160444524,0.4468257829648977,0.05398457583547558,0.3387096774193548,1.125662012518055
market,5,tw,,random_forest,1336.0,62.0,0.04640718562874251,0.6576315389679445,0.1379758085721809,0.11685858880731448,0.39668376512653936,0.249106393691209,0.23809523809523808,0.08064516129032258,2.090515166104959
market,5,us,,frozen_calibrated_xgboost,1628.0,90.0,0.05528255528255528,0.591948417858691,0.07084647517879426,0.05223021342588949,0.2123576200166789,0.00597510685525748,0.0,0.0,1.8865712338104976
market,5,us,,frozen_raw_xgboost_without_calibration,1628.0,90.0,0.05528255528255528,0.5997182488079758,0.0763122667049203,0.21197638888052214,0.6130680877763772,0.3847139330091143,0.0903954802259887,0.17777777777777778,1.5536468984321745
market,5,us,,gradient_boosting,1628.0,90.0,0.05528255528255528,0.5930104031209362,0.07274597919893079,0.059843088223591676,0.2505736802526693,0.047348549164548205,0.15384615384615385,0.022222222222222223,0.7768234492160873
market,5,us,,historical_tail_threshold,1628.0,90.0,0.05528255528255528,0.5073255309926311,0.056248214387749275,0.10073710053562655,2.0876017205072266,0.10073709973710072,0.06976744186046512,0.06666666666666667,1.2207225630538514
market,5,us,,logistic_regression,1628.0,90.0,0.05528255528255528,0.5267591388527669,0.05664318022880144,0.1875085343053252,0.555913662395037,0.32882918767397556,0.049689440993788817,0.08888888888888889,0.8877982276755283
market,5,us,,random_forest,1628.0,90.0,0.05528255528255528,0.5606920965178442,0.06860054450835805,0.09487629501977335,0.34128919809683783,0.17355398208119954,0.125,0.011111111111111112,1.4426721199727335
global,1,,,frozen_calibrated_xgboost,6858.0,371.0,0.054097404491105276,0.6055189375225674,0.09053628451845967,0.050391260737183086,0.20550274238277622,0.003157258002549632,1.0,0.0026954177897574125,2.0209739652503282
global,1,,,frozen_raw_xgboost_without_calibration,6858.0,371.0,0.054097404491105276,0.6094856102418398,0.09920784921867101,0.20842849830989799,0.6081457211982468,0.3875162832614944,0.11627906976744186,0.20215633423180593,2.0479202847869993
global,1,,,gradient_boosting,6858.0,371.0,0.054097404491105276,0.5414023153086185,0.05940599073872443,0.08752105897609115,0.3210891208025586,0.0796581565047435,0.05198776758409786,0.04582210242587601,0.9970138228568286
global,1,,,historical_tail_threshold,6858.0,371.0,0.054097404491105276,0.524506819984568,0.05878428641104881,0.09667541537970256,2.003430339077752,0.09667541457305337,0.10109289617486339,0.09973045822102426,1.4551012549802365
global,1,,,logistic_regression,6858.0,371.0,0.054097404491105276,0.5557629877212439,0.07134678795891969,0.24054539988154375,0.6817844242074081,0.4113011183324382,0.06991358994501179,0.2398921832884097,1.4551012549802365
global,1,,,random_forest,6858.0,371.0,0.054097404491105276,0.5758953112528187,0.08804008382513659,0.11400240717117564,0.3949578186529159,0.23108021357145053,0.17204301075268819,0.0431266846361186,1.7784570894202887
global,5,,,frozen_calibrated_xgboost,6823.0,331.0,0.04851238458156236,0.6013922782955736,0.06422661657544111,0.04603843224853446,0.19135973506505036,0.003273056738157737,0.0,0.0,2.0522751500621483
global,5,,,frozen_raw_xgboost_without_calibration,6823.0,331.0,0.04851238458156236,0.6121517442802018,0.07255481474014452,0.20655954868736368,0.6012021708312333,0.38472264183669624,0.09153005464480875,0.20241691842900303,1.8711920485860765
global,5,,,gradient_boosting,6823.0,331.0,0.04851238458156236,0.5716778074990739,0.0605218847525456,0.06677813641054076,0.26805169341202684,0.05828855116159374,0.08235294117647059,0.04229607250755287,1.297762227245182
global,5,,,historical_tail_threshold,6823.0,331.0,0.04851238458156236,0.5055185280326425,0.049135918397122225,0.0898431773082222,1.8618440528757156,0.08984317648790856,0.059375,0.05740181268882175,1.0563180919437527
global,5,,,logistic_regression,6823.0,331.0,0.04851238458156236,0.55011931952503,0.05565137216897411,0.2404059975319563,0.6844424456372895,0.4007588215533429,0.06236403190717912,0.2598187311178248,1.0864986088564315
global,5,,,random_forest,6823.0,331.0,0.04851238458156236,0.5705804773897877,0.0751747017913719,0.09977014235863517,0.35675507719842237,0.2047421632703812,0.1864406779661017,0.03323262839879154,1.7806504978480404
