horizon,market,portfolio_name,baseline,train_row_count,test_row_count,train_positive_count,test_positive_count,test_start,test_end,note
1,us,us_quality_tech_finance,frozen_calibrated_xgboost,1633,409,85,23,2024-09-26,2026-05-14,
1,us,us_quality_tech_finance,frozen_raw_xgboost_without_calibration,1633,409,85,23,2024-09-26,2026-05-14,ablation_of_calibration_layer
1,us,us_quality_tech_finance,historical_tail_threshold,1633,409,85,23,2024-09-26,2026-05-14,current_historical_return_breaches_current_tail_threshold
1,us,us_quality_tech_finance,gradient_boosting,1633,409,85,23,2024-09-26,2026-05-14,
1,us,us_quality_tech_finance,logistic_regression,1633,409,85,23,2024-09-26,2026-05-14,
1,us,us_quality_tech_finance,random_forest,1633,409,85,23,2024-09-26,2026-05-14,
5,us,us_quality_tech_finance,frozen_calibrated_xgboost,1627,407,83,26,2024-09-24,2026-05-08,
5,us,us_quality_tech_finance,frozen_raw_xgboost_without_calibration,1627,407,83,26,2024-09-24,2026-05-08,ablation_of_calibration_layer
5,us,us_quality_tech_finance,historical_tail_threshold,1627,407,83,26,2024-09-24,2026-05-08,current_historical_return_breaches_current_tail_threshold
5,us,us_quality_tech_finance,gradient_boosting,1627,407,83,26,2024-09-24,2026-05-08,
5,us,us_quality_tech_finance,logistic_regression,1627,407,83,26,2024-09-24,2026-05-08,
5,us,us_quality_tech_finance,random_forest,1627,407,83,26,2024-09-24,2026-05-08,
1,us,us_ai_infrastructure_barbell,frozen_calibrated_xgboost,1633,409,94,23,2024-09-26,2026-05-14,
1,us,us_ai_infrastructure_barbell,frozen_raw_xgboost_without_calibration,1633,409,94,23,2024-09-26,2026-05-14,ablation_of_calibration_layer
1,us,us_ai_infrastructure_barbell,historical_tail_threshold,1633,409,94,23,2024-09-26,2026-05-14,current_historical_return_breaches_current_tail_threshold
1,us,us_ai_infrastructure_barbell,gradient_boosting,1633,409,94,23,2024-09-26,2026-05-14,
1,us,us_ai_infrastructure_barbell,logistic_regression,1633,409,94,23,2024-09-26,2026-05-14,
1,us,us_ai_infrastructure_barbell,random_forest,1633,409,94,23,2024-09-26,2026-05-14,
5,us,us_ai_infrastructure_barbell,frozen_calibrated_xgboost,1627,407,100,15,2024-09-24,2026-05-08,
5,us,us_ai_infrastructure_barbell,frozen_raw_xgboost_without_calibration,1627,407,100,15,2024-09-24,2026-05-08,ablation_of_calibration_layer
5,us,us_ai_infrastructure_barbell,historical_tail_threshold,1627,407,100,15,2024-09-24,2026-05-08,current_historical_return_breaches_current_tail_threshold
5,us,us_ai_infrastructure_barbell,gradient_boosting,1627,407,100,15,2024-09-24,2026-05-08,
5,us,us_ai_infrastructure_barbell,logistic_regression,1627,407,100,15,2024-09-24,2026-05-08,
5,us,us_ai_infrastructure_barbell,random_forest,1627,407,100,15,2024-09-24,2026-05-08,
1,us,us_dividend_low_volatility,frozen_calibrated_xgboost,1633,409,82,24,2024-09-26,2026-05-14,
1,us,us_dividend_low_volatility,frozen_raw_xgboost_without_calibration,1633,409,82,24,2024-09-26,2026-05-14,ablation_of_calibration_layer
1,us,us_dividend_low_volatility,historical_tail_threshold,1633,409,82,24,2024-09-26,2026-05-14,current_historical_return_breaches_current_tail_threshold
1,us,us_dividend_low_volatility,gradient_boosting,1633,409,82,24,2024-09-26,2026-05-14,
1,us,us_dividend_low_volatility,logistic_regression,1633,409,82,24,2024-09-26,2026-05-14,
1,us,us_dividend_low_volatility,random_forest,1633,409,82,24,2024-09-26,2026-05-14,
5,us,us_dividend_low_volatility,frozen_calibrated_xgboost,1627,407,91,27,2024-09-24,2026-05-08,
5,us,us_dividend_low_volatility,frozen_raw_xgboost_without_calibration,1627,407,91,27,2024-09-24,2026-05-08,ablation_of_calibration_layer
5,us,us_dividend_low_volatility,historical_tail_threshold,1627,407,91,27,2024-09-24,2026-05-08,current_historical_return_breaches_current_tail_threshold
5,us,us_dividend_low_volatility,gradient_boosting,1627,407,91,27,2024-09-24,2026-05-08,
5,us,us_dividend_low_volatility,logistic_regression,1627,407,91,27,2024-09-24,2026-05-08,
5,us,us_dividend_low_volatility,random_forest,1627,407,91,27,2024-09-24,2026-05-08,
1,us,us_mid_small_sector_mix,frozen_calibrated_xgboost,1633,409,83,23,2024-09-26,2026-05-14,
1,us,us_mid_small_sector_mix,frozen_raw_xgboost_without_calibration,1633,409,83,23,2024-09-26,2026-05-14,ablation_of_calibration_layer
1,us,us_mid_small_sector_mix,historical_tail_threshold,1633,409,83,23,2024-09-26,2026-05-14,current_historical_return_breaches_current_tail_threshold
1,us,us_mid_small_sector_mix,gradient_boosting,1633,409,83,23,2024-09-26,2026-05-14,
1,us,us_mid_small_sector_mix,logistic_regression,1633,409,83,23,2024-09-26,2026-05-14,
1,us,us_mid_small_sector_mix,random_forest,1633,409,83,23,2024-09-26,2026-05-14,
5,us,us_mid_small_sector_mix,frozen_calibrated_xgboost,1627,407,88,22,2024-09-24,2026-05-08,
5,us,us_mid_small_sector_mix,frozen_raw_xgboost_without_calibration,1627,407,88,22,2024-09-24,2026-05-08,ablation_of_calibration_layer
5,us,us_mid_small_sector_mix,historical_tail_threshold,1627,407,88,22,2024-09-24,2026-05-08,current_historical_return_breaches_current_tail_threshold
5,us,us_mid_small_sector_mix,gradient_boosting,1627,407,88,22,2024-09-24,2026-05-08,
5,us,us_mid_small_sector_mix,logistic_regression,1627,407,88,22,2024-09-24,2026-05-08,
5,us,us_mid_small_sector_mix,random_forest,1627,407,88,22,2024-09-24,2026-05-08,
1,hk,hk_platform_financial_core,frozen_calibrated_xgboost,1221,306,63,20,2025-02-14,2026-05-14,
1,hk,hk_platform_financial_core,frozen_raw_xgboost_without_calibration,1221,306,63,20,2025-02-14,2026-05-14,ablation_of_calibration_layer
1,hk,hk_platform_financial_core,historical_tail_threshold,1221,306,63,20,2025-02-14,2026-05-14,current_historical_return_breaches_current_tail_threshold
1,hk,hk_platform_financial_core,gradient_boosting,1221,306,63,20,2025-02-14,2026-05-14,
1,hk,hk_platform_financial_core,logistic_regression,1221,306,63,20,2025-02-14,2026-05-14,
1,hk,hk_platform_financial_core,random_forest,1221,306,63,20,2025-02-14,2026-05-14,
5,hk,hk_platform_financial_core,frozen_calibrated_xgboost,1215,304,78,15,2025-02-12,2026-05-08,
5,hk,hk_platform_financial_core,frozen_raw_xgboost_without_calibration,1215,304,78,15,2025-02-12,2026-05-08,ablation_of_calibration_layer
5,hk,hk_platform_financial_core,historical_tail_threshold,1215,304,78,15,2025-02-12,2026-05-08,current_historical_return_breaches_current_tail_threshold
5,hk,hk_platform_financial_core,gradient_boosting,1215,304,78,15,2025-02-12,2026-05-08,
5,hk,hk_platform_financial_core,logistic_regression,1215,304,78,15,2025-02-12,2026-05-08,
5,hk,hk_platform_financial_core,random_forest,1215,304,78,15,2025-02-12,2026-05-08,
1,hk,hk_consumption_insurance_mix,frozen_calibrated_xgboost,1453,364,73,15,2024-11-18,2026-05-14,
1,hk,hk_consumption_insurance_mix,frozen_raw_xgboost_without_calibration,1453,364,73,15,2024-11-18,2026-05-14,ablation_of_calibration_layer
1,hk,hk_consumption_insurance_mix,historical_tail_threshold,1453,364,73,15,2024-11-18,2026-05-14,current_historical_return_breaches_current_tail_threshold
1,hk,hk_consumption_insurance_mix,gradient_boosting,1453,364,73,15,2024-11-18,2026-05-14,
1,hk,hk_consumption_insurance_mix,logistic_regression,1453,364,73,15,2024-11-18,2026-05-14,
1,hk,hk_consumption_insurance_mix,random_forest,1453,364,73,15,2024-11-18,2026-05-14,
5,hk,hk_consumption_insurance_mix,frozen_calibrated_xgboost,1447,362,86,11,2024-11-14,2026-05-08,
5,hk,hk_consumption_insurance_mix,frozen_raw_xgboost_without_calibration,1447,362,86,11,2024-11-14,2026-05-08,ablation_of_calibration_layer
5,hk,hk_consumption_insurance_mix,historical_tail_threshold,1447,362,86,11,2024-11-14,2026-05-08,current_historical_return_breaches_current_tail_threshold
5,hk,hk_consumption_insurance_mix,gradient_boosting,1447,362,86,11,2024-11-14,2026-05-08,
5,hk,hk_consumption_insurance_mix,logistic_regression,1447,362,86,11,2024-11-14,2026-05-08,
5,hk,hk_consumption_insurance_mix,random_forest,1447,362,86,11,2024-11-14,2026-05-08,
1,hk,hk_income_property_credit,frozen_calibrated_xgboost,1596,399,97,21,2024-09-26,2026-05-14,
1,hk,hk_income_property_credit,frozen_raw_xgboost_without_calibration,1596,399,97,21,2024-09-26,2026-05-14,ablation_of_calibration_layer
1,hk,hk_income_property_credit,historical_tail_threshold,1596,399,97,21,2024-09-26,2026-05-14,current_historical_return_breaches_current_tail_threshold
1,hk,hk_income_property_credit,gradient_boosting,1596,399,97,21,2024-09-26,2026-05-14,
1,hk,hk_income_property_credit,logistic_regression,1596,399,97,21,2024-09-26,2026-05-14,
1,hk,hk_income_property_credit,random_forest,1596,399,97,21,2024-09-26,2026-05-14,
5,hk,hk_income_property_credit,frozen_calibrated_xgboost,1589,398,97,18,2024-09-23,2026-05-08,
5,hk,hk_income_property_credit,frozen_raw_xgboost_without_calibration,1589,398,97,18,2024-09-23,2026-05-08,ablation_of_calibration_layer
5,hk,hk_income_property_credit,historical_tail_threshold,1589,398,97,18,2024-09-23,2026-05-08,current_historical_return_breaches_current_tail_threshold
5,hk,hk_income_property_credit,gradient_boosting,1589,398,97,18,2024-09-23,2026-05-08,
5,hk,hk_income_property_credit,logistic_regression,1589,398,97,18,2024-09-23,2026-05-08,
5,hk,hk_income_property_credit,random_forest,1589,398,97,18,2024-09-23,2026-05-08,
1,hk,hk_china_etf_cross_asset,frozen_calibrated_xgboost,354,89,20,6,2025-12-31,2026-05-14,
1,hk,hk_china_etf_cross_asset,frozen_raw_xgboost_without_calibration,354,89,20,6,2025-12-31,2026-05-14,ablation_of_calibration_layer
1,hk,hk_china_etf_cross_asset,historical_tail_threshold,354,89,20,6,2025-12-31,2026-05-14,current_historical_return_breaches_current_tail_threshold
1,hk,hk_china_etf_cross_asset,gradient_boosting,354,89,20,6,2025-12-31,2026-05-14,
1,hk,hk_china_etf_cross_asset,logistic_regression,354,89,20,6,2025-12-31,2026-05-14,
1,hk,hk_china_etf_cross_asset,random_forest,354,89,20,6,2025-12-31,2026-05-14,
5,hk,hk_china_etf_cross_asset,frozen_calibrated_xgboost,348,87,20,5,2025-12-29,2026-05-08,
5,hk,hk_china_etf_cross_asset,frozen_raw_xgboost_without_calibration,348,87,20,5,2025-12-29,2026-05-08,ablation_of_calibration_layer
5,hk,hk_china_etf_cross_asset,historical_tail_threshold,348,87,20,5,2025-12-29,2026-05-08,current_historical_return_breaches_current_tail_threshold
5,hk,hk_china_etf_cross_asset,gradient_boosting,348,87,20,5,2025-12-29,2026-05-08,
5,hk,hk_china_etf_cross_asset,logistic_regression,348,87,20,5,2025-12-29,2026-05-08,
5,hk,hk_china_etf_cross_asset,random_forest,348,87,20,5,2025-12-29,2026-05-08,
1,cn,cn_consumption_financial_core,frozen_calibrated_xgboost,1570,393,68,19,2024-09-24,2026-05-14,
1,cn,cn_consumption_financial_core,frozen_raw_xgboost_without_calibration,1570,393,68,19,2024-09-24,2026-05-14,ablation_of_calibration_layer
1,cn,cn_consumption_financial_core,historical_tail_threshold,1570,393,68,19,2024-09-24,2026-05-14,current_historical_return_breaches_current_tail_threshold
1,cn,cn_consumption_financial_core,gradient_boosting,1570,393,68,19,2024-09-24,2026-05-14,
1,cn,cn_consumption_financial_core,logistic_regression,1570,393,68,19,2024-09-24,2026-05-14,
1,cn,cn_consumption_financial_core,random_forest,1570,393,68,19,2024-09-24,2026-05-14,
5,cn,cn_consumption_financial_core,frozen_calibrated_xgboost,1564,391,64,24,2024-09-20,2026-05-08,
5,cn,cn_consumption_financial_core,frozen_raw_xgboost_without_calibration,1564,391,64,24,2024-09-20,2026-05-08,ablation_of_calibration_layer
5,cn,cn_consumption_financial_core,historical_tail_threshold,1564,391,64,24,2024-09-20,2026-05-08,current_historical_return_breaches_current_tail_threshold
5,cn,cn_consumption_financial_core,gradient_boosting,1564,391,64,24,2024-09-20,2026-05-08,
5,cn,cn_consumption_financial_core,logistic_regression,1564,391,64,24,2024-09-20,2026-05-08,
5,cn,cn_consumption_financial_core,random_forest,1564,391,64,24,2024-09-20,2026-05-08,
1,cn,cn_new_energy_healthcare,frozen_calibrated_xgboost,1419,355,71,12,2024-11-22,2026-05-14,
1,cn,cn_new_energy_healthcare,frozen_raw_xgboost_without_calibration,1419,355,71,12,2024-11-22,2026-05-14,ablation_of_calibration_layer
1,cn,cn_new_energy_healthcare,historical_tail_threshold,1419,355,71,12,2024-11-22,2026-05-14,current_historical_return_breaches_current_tail_threshold
1,cn,cn_new_energy_healthcare,gradient_boosting,1419,355,71,12,2024-11-22,2026-05-14,
1,cn,cn_new_energy_healthcare,logistic_regression,1419,355,71,12,2024-11-22,2026-05-14,
1,cn,cn_new_energy_healthcare,random_forest,1419,355,71,12,2024-11-22,2026-05-14,
5,cn,cn_new_energy_healthcare,frozen_calibrated_xgboost,1412,354,74,18,2024-11-19,2026-05-08,
5,cn,cn_new_energy_healthcare,frozen_raw_xgboost_without_calibration,1412,354,74,18,2024-11-19,2026-05-08,ablation_of_calibration_layer
5,cn,cn_new_energy_healthcare,historical_tail_threshold,1412,354,74,18,2024-11-19,2026-05-08,current_historical_return_breaches_current_tail_threshold
5,cn,cn_new_energy_healthcare,gradient_boosting,1412,354,74,18,2024-11-19,2026-05-08,
5,cn,cn_new_energy_healthcare,logistic_regression,1412,354,74,18,2024-11-19,2026-05-08,
5,cn,cn_new_energy_healthcare,random_forest,1412,354,74,18,2024-11-19,2026-05-08,
1,cn,cn_state_owned_defensive,frozen_calibrated_xgboost,1570,393,81,21,2024-09-24,2026-05-14,
1,cn,cn_state_owned_defensive,frozen_raw_xgboost_without_calibration,1570,393,81,21,2024-09-24,2026-05-14,ablation_of_calibration_layer
1,cn,cn_state_owned_defensive,historical_tail_threshold,1570,393,81,21,2024-09-24,2026-05-14,current_historical_return_breaches_current_tail_threshold
1,cn,cn_state_owned_defensive,gradient_boosting,1570,393,81,21,2024-09-24,2026-05-14,
1,cn,cn_state_owned_defensive,logistic_regression,1570,393,81,21,2024-09-24,2026-05-14,
1,cn,cn_state_owned_defensive,random_forest,1570,393,81,21,2024-09-24,2026-05-14,
5,cn,cn_state_owned_defensive,frozen_calibrated_xgboost,1564,391,84,13,2024-09-20,2026-05-08,
5,cn,cn_state_owned_defensive,frozen_raw_xgboost_without_calibration,1564,391,84,13,2024-09-20,2026-05-08,ablation_of_calibration_layer
5,cn,cn_state_owned_defensive,historical_tail_threshold,1564,391,84,13,2024-09-20,2026-05-08,current_historical_return_breaches_current_tail_threshold
5,cn,cn_state_owned_defensive,gradient_boosting,1564,391,84,13,2024-09-20,2026-05-08,
5,cn,cn_state_owned_defensive,logistic_regression,1564,391,84,13,2024-09-20,2026-05-08,
5,cn,cn_state_owned_defensive,random_forest,1564,391,84,13,2024-09-20,2026-05-08,
1,jp,jp_auto_electronics_core,frozen_calibrated_xgboost,1580,396,93,20,2024-09-25,2026-05-14,
1,jp,jp_auto_electronics_core,frozen_raw_xgboost_without_calibration,1580,396,93,20,2024-09-25,2026-05-14,ablation_of_calibration_layer
1,jp,jp_auto_electronics_core,historical_tail_threshold,1580,396,93,20,2024-09-25,2026-05-14,current_historical_return_breaches_current_tail_threshold
1,jp,jp_auto_electronics_core,gradient_boosting,1580,396,93,20,2024-09-25,2026-05-14,
1,jp,jp_auto_electronics_core,logistic_regression,1580,396,93,20,2024-09-25,2026-05-14,
1,jp,jp_auto_electronics_core,random_forest,1580,396,93,20,2024-09-25,2026-05-14,
5,jp,jp_auto_electronics_core,frozen_calibrated_xgboost,1574,394,105,9,2024-09-20,2026-05-08,
5,jp,jp_auto_electronics_core,frozen_raw_xgboost_without_calibration,1574,394,105,9,2024-09-20,2026-05-08,ablation_of_calibration_layer
5,jp,jp_auto_electronics_core,historical_tail_threshold,1574,394,105,9,2024-09-20,2026-05-08,current_historical_return_breaches_current_tail_threshold
5,jp,jp_auto_electronics_core,gradient_boosting,1574,394,105,9,2024-09-20,2026-05-08,
5,jp,jp_auto_electronics_core,logistic_regression,1574,394,105,9,2024-09-20,2026-05-08,
5,jp,jp_auto_electronics_core,random_forest,1574,394,105,9,2024-09-20,2026-05-08,
1,jp,jp_financial_industrial_mix,frozen_calibrated_xgboost,1580,396,89,17,2024-09-25,2026-05-14,
1,jp,jp_financial_industrial_mix,frozen_raw_xgboost_without_calibration,1580,396,89,17,2024-09-25,2026-05-14,ablation_of_calibration_layer
1,jp,jp_financial_industrial_mix,historical_tail_threshold,1580,396,89,17,2024-09-25,2026-05-14,current_historical_return_breaches_current_tail_threshold
1,jp,jp_financial_industrial_mix,gradient_boosting,1580,396,89,17,2024-09-25,2026-05-14,
1,jp,jp_financial_industrial_mix,logistic_regression,1580,396,89,17,2024-09-25,2026-05-14,
1,jp,jp_financial_industrial_mix,random_forest,1580,396,89,17,2024-09-25,2026-05-14,
5,jp,jp_financial_industrial_mix,frozen_calibrated_xgboost,1574,394,98,21,2024-09-20,2026-05-08,
5,jp,jp_financial_industrial_mix,frozen_raw_xgboost_without_calibration,1574,394,98,21,2024-09-20,2026-05-08,ablation_of_calibration_layer
5,jp,jp_financial_industrial_mix,historical_tail_threshold,1574,394,98,21,2024-09-20,2026-05-08,current_historical_return_breaches_current_tail_threshold
5,jp,jp_financial_industrial_mix,gradient_boosting,1574,394,98,21,2024-09-20,2026-05-08,
5,jp,jp_financial_industrial_mix,logistic_regression,1574,394,98,21,2024-09-20,2026-05-08,
5,jp,jp_financial_industrial_mix,random_forest,1574,394,98,21,2024-09-20,2026-05-08,
1,jp,jp_defensive_domestic,frozen_calibrated_xgboost,1580,396,81,20,2024-09-25,2026-05-14,
1,jp,jp_defensive_domestic,frozen_raw_xgboost_without_calibration,1580,396,81,20,2024-09-25,2026-05-14,ablation_of_calibration_layer
1,jp,jp_defensive_domestic,historical_tail_threshold,1580,396,81,20,2024-09-25,2026-05-14,current_historical_return_breaches_current_tail_threshold
1,jp,jp_defensive_domestic,gradient_boosting,1580,396,81,20,2024-09-25,2026-05-14,
1,jp,jp_defensive_domestic,logistic_regression,1580,396,81,20,2024-09-25,2026-05-14,
1,jp,jp_defensive_domestic,random_forest,1580,396,81,20,2024-09-25,2026-05-14,
5,jp,jp_defensive_domestic,frozen_calibrated_xgboost,1574,394,88,23,2024-09-20,2026-05-08,
5,jp,jp_defensive_domestic,frozen_raw_xgboost_without_calibration,1574,394,88,23,2024-09-20,2026-05-08,ablation_of_calibration_layer
5,jp,jp_defensive_domestic,historical_tail_threshold,1574,394,88,23,2024-09-20,2026-05-08,current_historical_return_breaches_current_tail_threshold
5,jp,jp_defensive_domestic,gradient_boosting,1574,394,88,23,2024-09-20,2026-05-08,
5,jp,jp_defensive_domestic,logistic_regression,1574,394,88,23,2024-09-20,2026-05-08,
5,jp,jp_defensive_domestic,random_forest,1574,394,88,23,2024-09-20,2026-05-08,
1,jp,jp_index_style_blend,frozen_calibrated_xgboost,1566,392,92,19,2024-09-30,2026-05-14,
1,jp,jp_index_style_blend,frozen_raw_xgboost_without_calibration,1566,392,92,19,2024-09-30,2026-05-14,ablation_of_calibration_layer
1,jp,jp_index_style_blend,historical_tail_threshold,1566,392,92,19,2024-09-30,2026-05-14,current_historical_return_breaches_current_tail_threshold
1,jp,jp_index_style_blend,gradient_boosting,1566,392,92,19,2024-09-30,2026-05-14,
1,jp,jp_index_style_blend,logistic_regression,1566,392,92,19,2024-09-30,2026-05-14,
1,jp,jp_index_style_blend,random_forest,1566,392,92,19,2024-09-30,2026-05-14,
5,jp,jp_index_style_blend,frozen_calibrated_xgboost,1560,390,101,22,2024-09-26,2026-05-08,
5,jp,jp_index_style_blend,frozen_raw_xgboost_without_calibration,1560,390,101,22,2024-09-26,2026-05-08,ablation_of_calibration_layer
5,jp,jp_index_style_blend,historical_tail_threshold,1560,390,101,22,2024-09-26,2026-05-08,current_historical_return_breaches_current_tail_threshold
5,jp,jp_index_style_blend,gradient_boosting,1560,390,101,22,2024-09-26,2026-05-08,
5,jp,jp_index_style_blend,logistic_regression,1560,390,101,22,2024-09-26,2026-05-08,
5,jp,jp_index_style_blend,random_forest,1560,390,101,22,2024-09-26,2026-05-08,
1,tw,tw_semiconductor_platform_core,frozen_calibrated_xgboost,1572,394,90,21,2024-09-23,2026-05-14,
1,tw,tw_semiconductor_platform_core,frozen_raw_xgboost_without_calibration,1572,394,90,21,2024-09-23,2026-05-14,ablation_of_calibration_layer
1,tw,tw_semiconductor_platform_core,historical_tail_threshold,1572,394,90,21,2024-09-23,2026-05-14,current_historical_return_breaches_current_tail_threshold
1,tw,tw_semiconductor_platform_core,gradient_boosting,1572,394,90,21,2024-09-23,2026-05-14,
1,tw,tw_semiconductor_platform_core,logistic_regression,1572,394,90,21,2024-09-23,2026-05-14,
1,tw,tw_semiconductor_platform_core,random_forest,1572,394,90,21,2024-09-23,2026-05-14,
5,tw,tw_semiconductor_platform_core,frozen_calibrated_xgboost,1566,392,103,16,2024-09-19,2026-05-08,
5,tw,tw_semiconductor_platform_core,frozen_raw_xgboost_without_calibration,1566,392,103,16,2024-09-19,2026-05-08,ablation_of_calibration_layer
5,tw,tw_semiconductor_platform_core,historical_tail_threshold,1566,392,103,16,2024-09-19,2026-05-08,current_historical_return_breaches_current_tail_threshold
5,tw,tw_semiconductor_platform_core,gradient_boosting,1566,392,103,16,2024-09-19,2026-05-08,
5,tw,tw_semiconductor_platform_core,logistic_regression,1566,392,103,16,2024-09-19,2026-05-08,
5,tw,tw_semiconductor_platform_core,random_forest,1566,392,103,16,2024-09-19,2026-05-08,
1,tw,tw_electronics_supply_chain,frozen_calibrated_xgboost,1572,394,89,26,2024-09-23,2026-05-14,
1,tw,tw_electronics_supply_chain,frozen_raw_xgboost_without_calibration,1572,394,89,26,2024-09-23,2026-05-14,ablation_of_calibration_layer
1,tw,tw_electronics_supply_chain,historical_tail_threshold,1572,394,89,26,2024-09-23,2026-05-14,current_historical_return_breaches_current_tail_threshold
1,tw,tw_electronics_supply_chain,gradient_boosting,1572,394,89,26,2024-09-23,2026-05-14,
1,tw,tw_electronics_supply_chain,logistic_regression,1572,394,89,26,2024-09-23,2026-05-14,
1,tw,tw_electronics_supply_chain,random_forest,1572,394,89,26,2024-09-23,2026-05-14,
5,tw,tw_electronics_supply_chain,frozen_calibrated_xgboost,1566,392,106,20,2024-09-19,2026-05-08,
5,tw,tw_electronics_supply_chain,frozen_raw_xgboost_without_calibration,1566,392,106,20,2024-09-19,2026-05-08,ablation_of_calibration_layer
5,tw,tw_electronics_supply_chain,historical_tail_threshold,1566,392,106,20,2024-09-19,2026-05-08,current_historical_return_breaches_current_tail_threshold
5,tw,tw_electronics_supply_chain,gradient_boosting,1566,392,106,20,2024-09-19,2026-05-08,
5,tw,tw_electronics_supply_chain,logistic_regression,1566,392,106,20,2024-09-19,2026-05-08,
5,tw,tw_electronics_supply_chain,random_forest,1566,392,106,20,2024-09-19,2026-05-08,
1,tw,tw_defensive_income_financials,frozen_calibrated_xgboost,1572,394,82,31,2024-09-23,2026-05-14,
1,tw,tw_defensive_income_financials,frozen_raw_xgboost_without_calibration,1572,394,82,31,2024-09-23,2026-05-14,ablation_of_calibration_layer
1,tw,tw_defensive_income_financials,historical_tail_threshold,1572,394,82,31,2024-09-23,2026-05-14,current_historical_return_breaches_current_tail_threshold
1,tw,tw_defensive_income_financials,gradient_boosting,1572,394,82,31,2024-09-23,2026-05-14,
1,tw,tw_defensive_income_financials,logistic_regression,1572,394,82,31,2024-09-23,2026-05-14,
1,tw,tw_defensive_income_financials,random_forest,1572,394,82,31,2024-09-23,2026-05-14,
5,tw,tw_defensive_income_financials,frozen_calibrated_xgboost,1566,392,92,19,2024-09-19,2026-05-08,
5,tw,tw_defensive_income_financials,frozen_raw_xgboost_without_calibration,1566,392,92,19,2024-09-19,2026-05-08,ablation_of_calibration_layer
5,tw,tw_defensive_income_financials,historical_tail_threshold,1566,392,92,19,2024-09-19,2026-05-08,current_historical_return_breaches_current_tail_threshold
5,tw,tw_defensive_income_financials,gradient_boosting,1566,392,92,19,2024-09-19,2026-05-08,
5,tw,tw_defensive_income_financials,logistic_regression,1566,392,92,19,2024-09-19,2026-05-08,
5,tw,tw_defensive_income_financials,random_forest,1566,392,92,19,2024-09-19,2026-05-08,
1,tw,tw_index_factor_mix,frozen_calibrated_xgboost,643,161,36,10,2025-09-09,2026-05-14,
1,tw,tw_index_factor_mix,frozen_raw_xgboost_without_calibration,643,161,36,10,2025-09-09,2026-05-14,ablation_of_calibration_layer
1,tw,tw_index_factor_mix,historical_tail_threshold,643,161,36,10,2025-09-09,2026-05-14,current_historical_return_breaches_current_tail_threshold
1,tw,tw_index_factor_mix,gradient_boosting,643,161,36,10,2025-09-09,2026-05-14,
1,tw,tw_index_factor_mix,logistic_regression,643,161,36,10,2025-09-09,2026-05-14,
1,tw,tw_index_factor_mix,random_forest,643,161,36,10,2025-09-09,2026-05-14,
5,tw,tw_index_factor_mix,frozen_calibrated_xgboost,636,160,41,7,2025-09-04,2026-05-08,
5,tw,tw_index_factor_mix,frozen_raw_xgboost_without_calibration,636,160,41,7,2025-09-04,2026-05-08,ablation_of_calibration_layer
5,tw,tw_index_factor_mix,historical_tail_threshold,636,160,41,7,2025-09-04,2026-05-08,current_historical_return_breaches_current_tail_threshold
5,tw,tw_index_factor_mix,gradient_boosting,636,160,41,7,2025-09-04,2026-05-08,
5,tw,tw_index_factor_mix,logistic_regression,636,160,41,7,2025-09-04,2026-05-08,
5,tw,tw_index_factor_mix,random_forest,636,160,41,7,2025-09-04,2026-05-08,
