scope,horizon,market,row_count,positive_count,positive_rate,threshold,flag_count,flag_rate,true_positive_count,precision,recall,f1,top_1_count,top_1_positive_count,top_1_precision,top_1_recall,top_1_lift,top_5_count,top_5_positive_count,top_5_precision,top_5_recall,top_5_lift,top_10_count,top_10_positive_count,top_10_precision,top_10_recall,top_10_lift
global,,,68324.0,3770.0,0.055178268251273345,0.05,42277.0,0.6187723201217727,2882.0,0.0681694538401495,0.7644562334217506,0.12517645014876105,684.0,178.0,0.260233918128655,0.047214854111405836,4.716239316239316,3417.0,531.0,0.15539947322212466,0.14084880636604774,2.8163166070101977,6833.0,826.0,0.12088394555831992,0.21909814323607427,2.1907890441184747
global,,,68324.0,3770.0,0.055178268251273345,0.075,6864.0,0.10046250219542181,827.0,0.12048368298368298,0.2193633952254642,0.15553883769042692,684.0,178.0,0.260233918128655,0.047214854111405836,4.716239316239316,3417.0,531.0,0.15539947322212466,0.14084880636604774,2.8163166070101977,6833.0,826.0,0.12088394555831992,0.21909814323607427,2.1907890441184747
global,,,68324.0,3770.0,0.055178268251273345,0.1,2891.0,0.04231309642292606,486.0,0.16810792113455553,0.12891246684350133,0.14592403543011562,684.0,178.0,0.260233918128655,0.047214854111405836,4.716239316239316,3417.0,531.0,0.15539947322212466,0.14084880636604774,2.8163166070101977,6833.0,826.0,0.12088394555831992,0.21909814323607427,2.1907890441184747
global,,,68324.0,3770.0,0.055178268251273345,0.15,1038.0,0.015192318950881096,245.0,0.23603082851637766,0.0649867374005305,0.10191347753743761,684.0,178.0,0.260233918128655,0.047214854111405836,4.716239316239316,3417.0,531.0,0.15539947322212466,0.14084880636604774,2.8163166070101977,6833.0,826.0,0.12088394555831992,0.21909814323607427,2.1907890441184747
global,,,68324.0,3770.0,0.055178268251273345,0.2,542.0,0.00793279082020959,150.0,0.2767527675276753,0.03978779840848806,0.06957328385899815,684.0,178.0,0.260233918128655,0.047214854111405836,4.716239316239316,3417.0,531.0,0.15539947322212466,0.14084880636604774,2.8163166070101977,6833.0,826.0,0.12088394555831992,0.21909814323607427,2.1907890441184747
global,,,68324.0,3770.0,0.055178268251273345,0.3,11.0,0.00016099759967215033,6.0,0.5454545454545454,0.0015915119363395225,0.003173763554615181,684.0,178.0,0.260233918128655,0.047214854111405836,4.716239316239316,3417.0,531.0,0.15539947322212466,0.14084880636604774,2.8163166070101977,6833.0,826.0,0.12088394555831992,0.21909814323607427,2.1907890441184747
global,,,68324.0,3770.0,0.055178268251273345,0.4,11.0,0.00016099759967215033,6.0,0.5454545454545454,0.0015915119363395225,0.003173763554615181,684.0,178.0,0.260233918128655,0.047214854111405836,4.716239316239316,3417.0,531.0,0.15539947322212466,0.14084880636604774,2.8163166070101977,6833.0,826.0,0.12088394555831992,0.21909814323607427,2.1907890441184747
global,,,68324.0,3770.0,0.055178268251273345,0.5,11.0,0.00016099759967215033,6.0,0.5454545454545454,0.0015915119363395225,0.003173763554615181,684.0,178.0,0.260233918128655,0.047214854111405836,4.716239316239316,3417.0,531.0,0.15539947322212466,0.14084880636604774,2.8163166070101977,6833.0,826.0,0.12088394555831992,0.21909814323607427,2.1907890441184747
global,,,68324.0,3770.0,0.055178268251273345,0.6,11.0,0.00016099759967215033,6.0,0.5454545454545454,0.0015915119363395225,0.003173763554615181,684.0,178.0,0.260233918128655,0.047214854111405836,4.716239316239316,3417.0,531.0,0.15539947322212466,0.14084880636604774,2.8163166070101977,6833.0,826.0,0.12088394555831992,0.21909814323607427,2.1907890441184747
horizon,1.0,,34238.0,1840.0,0.05374145686079795,0.05,16332.0,0.47701384426660437,1174.0,0.0718834190546167,0.6380434782608696,0.12920977327756988,343.0,99.0,0.2886297376093295,0.05380434782608696,5.370709215363164,1712.0,277.0,0.16179906542056074,0.15054347826086956,3.010693696668021,3424.0,412.0,0.12032710280373832,0.22391304347826088,2.238999644453474
horizon,1.0,,34238.0,1840.0,0.05374145686079795,0.075,5468.0,0.15970559027980608,600.0,0.1097293343087052,0.32608695652173914,0.16420361247947454,343.0,99.0,0.2886297376093295,0.05380434782608696,5.370709215363164,1712.0,277.0,0.16179906542056074,0.15054347826086956,3.010693696668021,3424.0,412.0,0.12032710280373832,0.22391304347826088,2.238999644453474
horizon,1.0,,34238.0,1840.0,0.05374145686079795,0.1,1500.0,0.043810970266954845,260.0,0.17333333333333334,0.14130434782608695,0.15568862275449102,343.0,99.0,0.2886297376093295,0.05380434782608696,5.370709215363164,1712.0,277.0,0.16179906542056074,0.15054347826086956,3.010693696668021,3424.0,412.0,0.12032710280373832,0.22391304347826088,2.238999644453474
horizon,1.0,,34238.0,1840.0,0.05374145686079795,0.15,761.0,0.022226765582101758,178.0,0.23390275952693823,0.0967391304347826,0.1368704344482891,343.0,99.0,0.2886297376093295,0.05380434782608696,5.370709215363164,1712.0,277.0,0.16179906542056074,0.15054347826086956,3.010693696668021,3424.0,412.0,0.12032710280373832,0.22391304347826088,2.238999644453474
horizon,1.0,,34238.0,1840.0,0.05374145686079795,0.2,274.0,0.008002803902097086,84.0,0.30656934306569344,0.04565217391304348,0.07947019867549668,343.0,99.0,0.2886297376093295,0.05380434782608696,5.370709215363164,1712.0,277.0,0.16179906542056074,0.15054347826086956,3.010693696668021,3424.0,412.0,0.12032710280373832,0.22391304347826088,2.238999644453474
horizon,1.0,,34238.0,1840.0,0.05374145686079795,0.3,11.0,0.00032128044862433556,6.0,0.5454545454545454,0.003260869565217391,0.006482982171799026,343.0,99.0,0.2886297376093295,0.05380434782608696,5.370709215363164,1712.0,277.0,0.16179906542056074,0.15054347826086956,3.010693696668021,3424.0,412.0,0.12032710280373832,0.22391304347826088,2.238999644453474
horizon,1.0,,34238.0,1840.0,0.05374145686079795,0.4,11.0,0.00032128044862433556,6.0,0.5454545454545454,0.003260869565217391,0.006482982171799026,343.0,99.0,0.2886297376093295,0.05380434782608696,5.370709215363164,1712.0,277.0,0.16179906542056074,0.15054347826086956,3.010693696668021,3424.0,412.0,0.12032710280373832,0.22391304347826088,2.238999644453474
horizon,1.0,,34238.0,1840.0,0.05374145686079795,0.5,11.0,0.00032128044862433556,6.0,0.5454545454545454,0.003260869565217391,0.006482982171799026,343.0,99.0,0.2886297376093295,0.05380434782608696,5.370709215363164,1712.0,277.0,0.16179906542056074,0.15054347826086956,3.010693696668021,3424.0,412.0,0.12032710280373832,0.22391304347826088,2.238999644453474
horizon,1.0,,34238.0,1840.0,0.05374145686079795,0.6,11.0,0.00032128044862433556,6.0,0.5454545454545454,0.003260869565217391,0.006482982171799026,343.0,99.0,0.2886297376093295,0.05380434782608696,5.370709215363164,1712.0,277.0,0.16179906542056074,0.15054347826086956,3.010693696668021,3424.0,412.0,0.12032710280373832,0.22391304347826088,2.238999644453474
horizon,5.0,,34086.0,1930.0,0.056621486827436486,0.05,25945.0,0.761162940796808,1708.0,0.06583156677587204,0.8849740932642487,0.12254708520179373,341.0,76.0,0.22287390029325513,0.039378238341968914,3.936207132329479,1705.0,262.0,0.1536656891495601,0.13575129533678756,2.7139112333429565,3409.0,404.0,0.1185098269287181,0.20932642487046632,2.0930186324830493
horizon,5.0,,34086.0,1930.0,0.056621486827436486,0.075,1396.0,0.040955230886581,227.0,0.16260744985673353,0.11761658031088083,0.1365003006614552,341.0,76.0,0.22287390029325513,0.039378238341968914,3.936207132329479,1705.0,262.0,0.1536656891495601,0.13575129533678756,2.7139112333429565,3409.0,404.0,0.1185098269287181,0.20932642487046632,2.0930186324830493
horizon,5.0,,34086.0,1930.0,0.056621486827436486,0.1,1391.0,0.04080854309687262,226.0,0.16247304097771387,0.11709844559585492,0.1361035832580548,341.0,76.0,0.22287390029325513,0.039378238341968914,3.936207132329479,1705.0,262.0,0.1536656891495601,0.13575129533678756,2.7139112333429565,3409.0,404.0,0.1185098269287181,0.20932642487046632,2.0930186324830493
horizon,5.0,,34086.0,1930.0,0.056621486827436486,0.15,277.0,0.00812650354984451,67.0,0.24187725631768953,0.03471502590673575,0.06071590394200272,341.0,76.0,0.22287390029325513,0.039378238341968914,3.936207132329479,1705.0,262.0,0.1536656891495601,0.13575129533678756,2.7139112333429565,3409.0,404.0,0.1185098269287181,0.20932642487046632,2.0930186324830493
horizon,5.0,,34086.0,1930.0,0.056621486827436486,0.2,268.0,0.007862465528369418,66.0,0.2462686567164179,0.03419689119170984,0.06005459508644222,341.0,76.0,0.22287390029325513,0.039378238341968914,3.936207132329479,1705.0,262.0,0.1536656891495601,0.13575129533678756,2.7139112333429565,3409.0,404.0,0.1185098269287181,0.20932642487046632,2.0930186324830493
horizon,5.0,,34086.0,1930.0,0.056621486827436486,0.3,0.0,0.0,0.0,0.0,0.0,0.0,341.0,76.0,0.22287390029325513,0.039378238341968914,3.936207132329479,1705.0,262.0,0.1536656891495601,0.13575129533678756,2.7139112333429565,3409.0,404.0,0.1185098269287181,0.20932642487046632,2.0930186324830493
horizon,5.0,,34086.0,1930.0,0.056621486827436486,0.4,0.0,0.0,0.0,0.0,0.0,0.0,341.0,76.0,0.22287390029325513,0.039378238341968914,3.936207132329479,1705.0,262.0,0.1536656891495601,0.13575129533678756,2.7139112333429565,3409.0,404.0,0.1185098269287181,0.20932642487046632,2.0930186324830493
horizon,5.0,,34086.0,1930.0,0.056621486827436486,0.5,0.0,0.0,0.0,0.0,0.0,0.0,341.0,76.0,0.22287390029325513,0.039378238341968914,3.936207132329479,1705.0,262.0,0.1536656891495601,0.13575129533678756,2.7139112333429565,3409.0,404.0,0.1185098269287181,0.20932642487046632,2.0930186324830493
horizon,5.0,,34086.0,1930.0,0.056621486827436486,0.6,0.0,0.0,0.0,0.0,0.0,0.0,341.0,76.0,0.22287390029325513,0.039378238341968914,3.936207132329479,1705.0,262.0,0.1536656891495601,0.13575129533678756,2.7139112333429565,3409.0,404.0,0.1185098269287181,0.20932642487046632,2.0930186324830493
market,,cn,11376.0,549.0,0.048259493670886076,0.05,7151.0,0.6286040787623066,401.0,0.05607607327646483,0.7304189435336976,0.10415584415584414,114.0,26.0,0.22807017543859648,0.04735883424408015,4.725913143514524,569.0,77.0,0.13532513181019332,0.14025500910746813,2.804114206689907,1138.0,111.0,0.09753954305799649,0.20218579234972678,2.0211472528738943
market,,cn,11376.0,549.0,0.048259493670886076,0.075,1016.0,0.08931082981715893,104.0,0.10236220472440945,0.1894353369763206,0.13290734824281153,114.0,26.0,0.22807017543859648,0.04735883424408015,4.725913143514524,569.0,77.0,0.13532513181019332,0.14025500910746813,2.804114206689907,1138.0,111.0,0.09753954305799649,0.20218579234972678,2.0211472528738943
market,,cn,11376.0,549.0,0.048259493670886076,0.1,423.0,0.037183544303797465,66.0,0.15602836879432624,0.12021857923497267,0.13580246913580246,114.0,26.0,0.22807017543859648,0.04735883424408015,4.725913143514524,569.0,77.0,0.13532513181019332,0.14025500910746813,2.804114206689907,1138.0,111.0,0.09753954305799649,0.20218579234972678,2.0211472528738943
market,,cn,11376.0,549.0,0.048259493670886076,0.15,154.0,0.013537271448663854,31.0,0.2012987012987013,0.056466302367941715,0.08819345661450925,114.0,26.0,0.22807017543859648,0.04735883424408015,4.725913143514524,569.0,77.0,0.13532513181019332,0.14025500910746813,2.804114206689907,1138.0,111.0,0.09753954305799649,0.20218579234972678,2.0211472528738943
market,,cn,11376.0,549.0,0.048259493670886076,0.2,83.0,0.0072960618846694796,18.0,0.21686746987951808,0.03278688524590164,0.056962025316455694,114.0,26.0,0.22807017543859648,0.04735883424408015,4.725913143514524,569.0,77.0,0.13532513181019332,0.14025500910746813,2.804114206689907,1138.0,111.0,0.09753954305799649,0.20218579234972678,2.0211472528738943
market,,cn,11376.0,549.0,0.048259493670886076,0.3,4.0,0.00035161744022503517,2.0,0.5,0.0036429872495446266,0.007233273056057867,114.0,26.0,0.22807017543859648,0.04735883424408015,4.725913143514524,569.0,77.0,0.13532513181019332,0.14025500910746813,2.804114206689907,1138.0,111.0,0.09753954305799649,0.20218579234972678,2.0211472528738943
market,,cn,11376.0,549.0,0.048259493670886076,0.4,4.0,0.00035161744022503517,2.0,0.5,0.0036429872495446266,0.007233273056057867,114.0,26.0,0.22807017543859648,0.04735883424408015,4.725913143514524,569.0,77.0,0.13532513181019332,0.14025500910746813,2.804114206689907,1138.0,111.0,0.09753954305799649,0.20218579234972678,2.0211472528738943
market,,cn,11376.0,549.0,0.048259493670886076,0.5,4.0,0.00035161744022503517,2.0,0.5,0.0036429872495446266,0.007233273056057867,114.0,26.0,0.22807017543859648,0.04735883424408015,4.725913143514524,569.0,77.0,0.13532513181019332,0.14025500910746813,2.804114206689907,1138.0,111.0,0.09753954305799649,0.20218579234972678,2.0211472528738943
market,,cn,11376.0,549.0,0.048259493670886076,0.6,4.0,0.00035161744022503517,2.0,0.5,0.0036429872495446266,0.007233273056057867,114.0,26.0,0.22807017543859648,0.04735883424408015,4.725913143514524,569.0,77.0,0.13532513181019332,0.14025500910746813,2.804114206689907,1138.0,111.0,0.09753954305799649,0.20218579234972678,2.0211472528738943
market,,hk,11532.0,645.0,0.05593132154006244,0.05,7331.0,0.635709330558446,461.0,0.06288364479607148,0.7147286821705426,0.11559679037111334,116.0,37.0,0.31896551724137934,0.05736434108527132,5.7028067361668,577.0,91.0,0.15771230502599654,0.14108527131782947,2.8197493047438633,1154.0,138.0,0.1195840554592721,0.21395348837209302,2.1380516706299626
market,,hk,11532.0,645.0,0.05593132154006244,0.075,1185.0,0.10275754422476586,140.0,0.11814345991561181,0.21705426356589147,0.15300546448087432,116.0,37.0,0.31896551724137934,0.05736434108527132,5.7028067361668,577.0,91.0,0.15771230502599654,0.14108527131782947,2.8197493047438633,1154.0,138.0,0.1195840554592721,0.21395348837209302,2.1380516706299626
market,,hk,11532.0,645.0,0.05593132154006244,0.1,412.0,0.035726673603884845,78.0,0.18932038834951456,0.12093023255813953,0.14758751182592242,116.0,37.0,0.31896551724137934,0.05736434108527132,5.7028067361668,577.0,91.0,0.15771230502599654,0.14108527131782947,2.8197493047438633,1154.0,138.0,0.1195840554592721,0.21395348837209302,2.1380516706299626
market,,hk,11532.0,645.0,0.05593132154006244,0.15,143.0,0.01240027748872702,44.0,0.3076923076923077,0.06821705426356589,0.11167512690355329,116.0,37.0,0.31896551724137934,0.05736434108527132,5.7028067361668,577.0,91.0,0.15771230502599654,0.14108527131782947,2.8197493047438633,1154.0,138.0,0.1195840554592721,0.21395348837209302,2.1380516706299626
market,,hk,11532.0,645.0,0.05593132154006244,0.2,77.0,0.006677072493929934,29.0,0.37662337662337664,0.04496124031007752,0.08033240997229918,116.0,37.0,0.31896551724137934,0.05736434108527132,5.7028067361668,577.0,91.0,0.15771230502599654,0.14108527131782947,2.8197493047438633,1154.0,138.0,0.1195840554592721,0.21395348837209302,2.1380516706299626
market,,hk,11532.0,645.0,0.05593132154006244,0.3,1.0,8.671522719389525e-05,0.0,0.0,0.0,0.0,116.0,37.0,0.31896551724137934,0.05736434108527132,5.7028067361668,577.0,91.0,0.15771230502599654,0.14108527131782947,2.8197493047438633,1154.0,138.0,0.1195840554592721,0.21395348837209302,2.1380516706299626
market,,hk,11532.0,645.0,0.05593132154006244,0.4,1.0,8.671522719389525e-05,0.0,0.0,0.0,0.0,116.0,37.0,0.31896551724137934,0.05736434108527132,5.7028067361668,577.0,91.0,0.15771230502599654,0.14108527131782947,2.8197493047438633,1154.0,138.0,0.1195840554592721,0.21395348837209302,2.1380516706299626
market,,hk,11532.0,645.0,0.05593132154006244,0.5,1.0,8.671522719389525e-05,0.0,0.0,0.0,0.0,116.0,37.0,0.31896551724137934,0.05736434108527132,5.7028067361668,577.0,91.0,0.15771230502599654,0.14108527131782947,2.8197493047438633,1154.0,138.0,0.1195840554592721,0.21395348837209302,2.1380516706299626
market,,hk,11532.0,645.0,0.05593132154006244,0.6,1.0,8.671522719389525e-05,0.0,0.0,0.0,0.0,116.0,37.0,0.31896551724137934,0.05736434108527132,5.7028067361668,577.0,91.0,0.15771230502599654,0.14108527131782947,2.8197493047438633,1154.0,138.0,0.1195840554592721,0.21395348837209302,2.1380516706299626
market,,jp,15740.0,898.0,0.05705209656925032,0.05,9720.0,0.6175349428208387,697.0,0.07170781893004115,0.7761692650334076,0.13128649463175737,158.0,36.0,0.22784810126582278,0.0400890868596882,3.993684982098052,787.0,139.0,0.17662007623888182,0.15478841870824053,3.0957683741648103,1574.0,205.0,0.13024142312579415,0.22828507795100222,2.282850779510022
market,,jp,15740.0,898.0,0.05705209656925032,0.075,1450.0,0.09212198221092757,198.0,0.13655172413793104,0.22048997772828507,0.16865417376490632,158.0,36.0,0.22784810126582278,0.0400890868596882,3.993684982098052,787.0,139.0,0.17662007623888182,0.15478841870824053,3.0957683741648103,1574.0,205.0,0.13024142312579415,0.22828507795100222,2.282850779510022
market,,jp,15740.0,898.0,0.05705209656925032,0.1,584.0,0.03710292249047014,112.0,0.1917808219178082,0.12472160356347439,0.15114709851551958,158.0,36.0,0.22784810126582278,0.0400890868596882,3.993684982098052,787.0,139.0,0.17662007623888182,0.15478841870824053,3.0957683741648103,1574.0,205.0,0.13024142312579415,0.22828507795100222,2.282850779510022
market,,jp,15740.0,898.0,0.05705209656925032,0.15,229.0,0.014548919949174078,53.0,0.2314410480349345,0.05902004454342984,0.0940550133096717,158.0,36.0,0.22784810126582278,0.0400890868596882,3.993684982098052,787.0,139.0,0.17662007623888182,0.15478841870824053,3.0957683741648103,1574.0,205.0,0.13024142312579415,0.22828507795100222,2.282850779510022
market,,jp,15740.0,898.0,0.05705209656925032,0.2,119.0,0.007560355781448539,27.0,0.226890756302521,0.030066815144766147,0.05309734513274336,158.0,36.0,0.22784810126582278,0.0400890868596882,3.993684982098052,787.0,139.0,0.17662007623888182,0.15478841870824053,3.0957683741648103,1574.0,205.0,0.13024142312579415,0.22828507795100222,2.282850779510022
market,,jp,15740.0,898.0,0.05705209656925032,0.3,0.0,0.0,0.0,0.0,0.0,0.0,158.0,36.0,0.22784810126582278,0.0400890868596882,3.993684982098052,787.0,139.0,0.17662007623888182,0.15478841870824053,3.0957683741648103,1574.0,205.0,0.13024142312579415,0.22828507795100222,2.282850779510022
market,,jp,15740.0,898.0,0.05705209656925032,0.4,0.0,0.0,0.0,0.0,0.0,0.0,158.0,36.0,0.22784810126582278,0.0400890868596882,3.993684982098052,787.0,139.0,0.17662007623888182,0.15478841870824053,3.0957683741648103,1574.0,205.0,0.13024142312579415,0.22828507795100222,2.282850779510022
market,,jp,15740.0,898.0,0.05705209656925032,0.5,0.0,0.0,0.0,0.0,0.0,0.0,158.0,36.0,0.22784810126582278,0.0400890868596882,3.993684982098052,787.0,139.0,0.17662007623888182,0.15478841870824053,3.0957683741648103,1574.0,205.0,0.13024142312579415,0.22828507795100222,2.282850779510022
market,,jp,15740.0,898.0,0.05705209656925032,0.6,0.0,0.0,0.0,0.0,0.0,0.0,158.0,36.0,0.22784810126582278,0.0400890868596882,3.993684982098052,787.0,139.0,0.17662007623888182,0.15478841870824053,3.0957683741648103,1574.0,205.0,0.13024142312579415,0.22828507795100222,2.282850779510022
market,,tw,13372.0,789.0,0.05900388872270416,0.05,8130.0,0.607986838169309,615.0,0.07564575645756458,0.779467680608365,0.13790783720148,134.0,29.0,0.21641791044776118,0.036755386565272496,3.667858426498685,669.0,99.0,0.14798206278026907,0.12547528517110265,2.508005251581442,1338.0,167.0,0.12481315396113603,0.21166032953105196,2.115337762697479
market,,tw,13372.0,789.0,0.05900388872270416,0.075,1335.0,0.09983547711636255,167.0,0.1250936329588015,0.21166032953105196,0.15725047080979285,134.0,29.0,0.21641791044776118,0.036755386565272496,3.667858426498685,669.0,99.0,0.14798206278026907,0.12547528517110265,2.508005251581442,1338.0,167.0,0.12481315396113603,0.21166032953105196,2.115337762697479
market,,tw,13372.0,789.0,0.05900388872270416,0.1,571.0,0.04270116661681125,88.0,0.15411558669001751,0.11153358681875793,0.12941176470588237,134.0,29.0,0.21641791044776118,0.036755386565272496,3.667858426498685,669.0,99.0,0.14798206278026907,0.12547528517110265,2.508005251581442,1338.0,167.0,0.12481315396113603,0.21166032953105196,2.115337762697479
market,,tw,13372.0,789.0,0.05900388872270416,0.15,219.0,0.016377505234819026,44.0,0.2009132420091324,0.05576679340937896,0.08730158730158731,134.0,29.0,0.21641791044776118,0.036755386565272496,3.667858426498685,669.0,99.0,0.14798206278026907,0.12547528517110265,2.508005251581442,1338.0,167.0,0.12481315396113603,0.21166032953105196,2.115337762697479
market,,tw,13372.0,789.0,0.05900388872270416,0.2,101.0,0.007553096021537541,24.0,0.2376237623762376,0.030418250950570342,0.05393258426966292,134.0,29.0,0.21641791044776118,0.036755386565272496,3.667858426498685,669.0,99.0,0.14798206278026907,0.12547528517110265,2.508005251581442,1338.0,167.0,0.12481315396113603,0.21166032953105196,2.115337762697479
market,,tw,13372.0,789.0,0.05900388872270416,0.3,1.0,7.478312892611427e-05,1.0,1.0,0.0012674271229404308,0.0025316455696202528,134.0,29.0,0.21641791044776118,0.036755386565272496,3.667858426498685,669.0,99.0,0.14798206278026907,0.12547528517110265,2.508005251581442,1338.0,167.0,0.12481315396113603,0.21166032953105196,2.115337762697479
market,,tw,13372.0,789.0,0.05900388872270416,0.4,1.0,7.478312892611427e-05,1.0,1.0,0.0012674271229404308,0.0025316455696202528,134.0,29.0,0.21641791044776118,0.036755386565272496,3.667858426498685,669.0,99.0,0.14798206278026907,0.12547528517110265,2.508005251581442,1338.0,167.0,0.12481315396113603,0.21166032953105196,2.115337762697479
market,,tw,13372.0,789.0,0.05900388872270416,0.5,1.0,7.478312892611427e-05,1.0,1.0,0.0012674271229404308,0.0025316455696202528,134.0,29.0,0.21641791044776118,0.036755386565272496,3.667858426498685,669.0,99.0,0.14798206278026907,0.12547528517110265,2.508005251581442,1338.0,167.0,0.12481315396113603,0.21166032953105196,2.115337762697479
market,,tw,13372.0,789.0,0.05900388872270416,0.6,1.0,7.478312892611427e-05,1.0,1.0,0.0012674271229404308,0.0025316455696202528,134.0,29.0,0.21641791044776118,0.036755386565272496,3.667858426498685,669.0,99.0,0.14798206278026907,0.12547528517110265,2.508005251581442,1338.0,167.0,0.12481315396113603,0.21166032953105196,2.115337762697479
market,,us,16304.0,889.0,0.05452649656526006,0.05,9945.0,0.6099730127576055,708.0,0.07119155354449472,0.796400449943757,0.1306996492523537,164.0,52.0,0.3170731707317073,0.05849268841394826,5.815029218908612,816.0,134.0,0.1642156862745098,0.15073115860517436,3.01166765918966,1631.0,197.0,0.12078479460453709,0.2215973003374578,2.21515780791043
market,,us,16304.0,889.0,0.05452649656526006,0.075,1878.0,0.1151864573110893,218.0,0.11608093716719915,0.2452193475815523,0.15757137694253703,164.0,52.0,0.3170731707317073,0.05849268841394826,5.815029218908612,816.0,134.0,0.1642156862745098,0.15073115860517436,3.01166765918966,1631.0,197.0,0.12078479460453709,0.2215973003374578,2.21515780791043
market,,us,16304.0,889.0,0.05452649656526006,0.1,901.0,0.05526251226692836,142.0,0.15760266370699222,0.1597300337457818,0.15865921787709494,164.0,52.0,0.3170731707317073,0.05849268841394826,5.815029218908612,816.0,134.0,0.1642156862745098,0.15073115860517436,3.01166765918966,1631.0,197.0,0.12078479460453709,0.2215973003374578,2.21515780791043
market,,us,16304.0,889.0,0.05452649656526006,0.15,293.0,0.017971050049067714,73.0,0.24914675767918087,0.08211473565804274,0.12351945854483924,164.0,52.0,0.3170731707317073,0.05849268841394826,5.815029218908612,816.0,134.0,0.1642156862745098,0.15073115860517436,3.01166765918966,1631.0,197.0,0.12078479460453709,0.2215973003374578,2.21515780791043
market,,us,16304.0,889.0,0.05452649656526006,0.2,162.0,0.00993621197252208,52.0,0.32098765432098764,0.05849268841394826,0.09895337773549,164.0,52.0,0.3170731707317073,0.05849268841394826,5.815029218908612,816.0,134.0,0.1642156862745098,0.15073115860517436,3.01166765918966,1631.0,197.0,0.12078479460453709,0.2215973003374578,2.21515780791043
market,,us,16304.0,889.0,0.05452649656526006,0.3,5.0,0.0003066732090284593,3.0,0.6,0.003374578177727784,0.006711409395973154,164.0,52.0,0.3170731707317073,0.05849268841394826,5.815029218908612,816.0,134.0,0.1642156862745098,0.15073115860517436,3.01166765918966,1631.0,197.0,0.12078479460453709,0.2215973003374578,2.21515780791043
market,,us,16304.0,889.0,0.05452649656526006,0.4,5.0,0.0003066732090284593,3.0,0.6,0.003374578177727784,0.006711409395973154,164.0,52.0,0.3170731707317073,0.05849268841394826,5.815029218908612,816.0,134.0,0.1642156862745098,0.15073115860517436,3.01166765918966,1631.0,197.0,0.12078479460453709,0.2215973003374578,2.21515780791043
market,,us,16304.0,889.0,0.05452649656526006,0.5,5.0,0.0003066732090284593,3.0,0.6,0.003374578177727784,0.006711409395973154,164.0,52.0,0.3170731707317073,0.05849268841394826,5.815029218908612,816.0,134.0,0.1642156862745098,0.15073115860517436,3.01166765918966,1631.0,197.0,0.12078479460453709,0.2215973003374578,2.21515780791043
market,,us,16304.0,889.0,0.05452649656526006,0.6,5.0,0.0003066732090284593,3.0,0.6,0.003374578177727784,0.006711409395973154,164.0,52.0,0.3170731707317073,0.05849268841394826,5.815029218908612,816.0,134.0,0.1642156862745098,0.15073115860517436,3.01166765918966,1631.0,197.0,0.12078479460453709,0.2215973003374578,2.21515780791043
horizon_market,1.0,cn,5700.0,272.0,0.047719298245614036,0.05,2771.0,0.486140350877193,158.0,0.05701912666907254,0.5808823529411765,0.10384488991127178,57.0,15.0,0.2631578947368421,0.05514705882352941,5.514705882352941,285.0,36.0,0.12631578947368421,0.1323529411764706,2.6470588235294117,570.0,55.0,0.09649122807017543,0.20220588235294118,2.0220588235294117
horizon_market,1.0,cn,5700.0,272.0,0.047719298245614036,0.075,806.0,0.14140350877192984,68.0,0.08436724565756824,0.25,0.1261595547309833,57.0,15.0,0.2631578947368421,0.05514705882352941,5.514705882352941,285.0,36.0,0.12631578947368421,0.1323529411764706,2.6470588235294117,570.0,55.0,0.09649122807017543,0.20220588235294118,2.0220588235294117
horizon_market,1.0,cn,5700.0,272.0,0.047719298245614036,0.1,214.0,0.03754385964912281,30.0,0.14018691588785046,0.11029411764705882,0.1234567901234568,57.0,15.0,0.2631578947368421,0.05514705882352941,5.514705882352941,285.0,36.0,0.12631578947368421,0.1323529411764706,2.6470588235294117,570.0,55.0,0.09649122807017543,0.20220588235294118,2.0220588235294117
horizon_market,1.0,cn,5700.0,272.0,0.047719298245614036,0.15,105.0,0.018421052631578946,21.0,0.2,0.07720588235294118,0.11140583554376658,57.0,15.0,0.2631578947368421,0.05514705882352941,5.514705882352941,285.0,36.0,0.12631578947368421,0.1323529411764706,2.6470588235294117,570.0,55.0,0.09649122807017543,0.20220588235294118,2.0220588235294117
horizon_market,1.0,cn,5700.0,272.0,0.047719298245614036,0.2,36.0,0.00631578947368421,8.0,0.2222222222222222,0.029411764705882353,0.051948051948051945,57.0,15.0,0.2631578947368421,0.05514705882352941,5.514705882352941,285.0,36.0,0.12631578947368421,0.1323529411764706,2.6470588235294117,570.0,55.0,0.09649122807017543,0.20220588235294118,2.0220588235294117
horizon_market,1.0,cn,5700.0,272.0,0.047719298245614036,0.3,4.0,0.0007017543859649122,2.0,0.5,0.007352941176470588,0.014492753623188406,57.0,15.0,0.2631578947368421,0.05514705882352941,5.514705882352941,285.0,36.0,0.12631578947368421,0.1323529411764706,2.6470588235294117,570.0,55.0,0.09649122807017543,0.20220588235294118,2.0220588235294117
horizon_market,1.0,cn,5700.0,272.0,0.047719298245614036,0.4,4.0,0.0007017543859649122,2.0,0.5,0.007352941176470588,0.014492753623188406,57.0,15.0,0.2631578947368421,0.05514705882352941,5.514705882352941,285.0,36.0,0.12631578947368421,0.1323529411764706,2.6470588235294117,570.0,55.0,0.09649122807017543,0.20220588235294118,2.0220588235294117
horizon_market,1.0,cn,5700.0,272.0,0.047719298245614036,0.5,4.0,0.0007017543859649122,2.0,0.5,0.007352941176470588,0.014492753623188406,57.0,15.0,0.2631578947368421,0.05514705882352941,5.514705882352941,285.0,36.0,0.12631578947368421,0.1323529411764706,2.6470588235294117,570.0,55.0,0.09649122807017543,0.20220588235294118,2.0220588235294117
horizon_market,1.0,cn,5700.0,272.0,0.047719298245614036,0.6,4.0,0.0007017543859649122,2.0,0.5,0.007352941176470588,0.014492753623188406,57.0,15.0,0.2631578947368421,0.05514705882352941,5.514705882352941,285.0,36.0,0.12631578947368421,0.1323529411764706,2.6470588235294117,570.0,55.0,0.09649122807017543,0.20220588235294118,2.0220588235294117
horizon_market,1.0,hk,5782.0,315.0,0.05447941888619855,0.05,3066.0,0.5302663438256658,196.0,0.0639269406392694,0.6222222222222222,0.11594202898550725,58.0,15.0,0.25862068965517243,0.047619047619047616,4.74712643678161,290.0,47.0,0.16206896551724137,0.1492063492063492,2.9748659003831417,579.0,67.0,0.1157167530224525,0.2126984126984127,2.124045288812128
horizon_market,1.0,hk,5782.0,315.0,0.05447941888619855,0.075,994.0,0.17191283292978207,101.0,0.10160965794768612,0.32063492063492066,0.15431627196333078,58.0,15.0,0.25862068965517243,0.047619047619047616,4.74712643678161,290.0,47.0,0.16206896551724137,0.1492063492063492,2.9748659003831417,579.0,67.0,0.1157167530224525,0.2126984126984127,2.124045288812128
horizon_market,1.0,hk,5782.0,315.0,0.05447941888619855,0.1,221.0,0.038222068488412315,39.0,0.17647058823529413,0.12380952380952381,0.1455223880597015,58.0,15.0,0.25862068965517243,0.047619047619047616,4.74712643678161,290.0,47.0,0.16206896551724137,0.1492063492063492,2.9748659003831417,579.0,67.0,0.1157167530224525,0.2126984126984127,2.124045288812128
horizon_market,1.0,hk,5782.0,315.0,0.05447941888619855,0.15,102.0,0.01764095468695953,26.0,0.2549019607843137,0.08253968253968254,0.12470023980815347,58.0,15.0,0.25862068965517243,0.047619047619047616,4.74712643678161,290.0,47.0,0.16206896551724137,0.1492063492063492,2.9748659003831417,579.0,67.0,0.1157167530224525,0.2126984126984127,2.124045288812128
horizon_market,1.0,hk,5782.0,315.0,0.05447941888619855,0.2,38.0,0.006572120373573158,12.0,0.3157894736842105,0.0380952380952381,0.0679886685552408,58.0,15.0,0.25862068965517243,0.047619047619047616,4.74712643678161,290.0,47.0,0.16206896551724137,0.1492063492063492,2.9748659003831417,579.0,67.0,0.1157167530224525,0.2126984126984127,2.124045288812128
horizon_market,1.0,hk,5782.0,315.0,0.05447941888619855,0.3,1.0,0.00017295053614666206,0.0,0.0,0.0,0.0,58.0,15.0,0.25862068965517243,0.047619047619047616,4.74712643678161,290.0,47.0,0.16206896551724137,0.1492063492063492,2.9748659003831417,579.0,67.0,0.1157167530224525,0.2126984126984127,2.124045288812128
horizon_market,1.0,hk,5782.0,315.0,0.05447941888619855,0.4,1.0,0.00017295053614666206,0.0,0.0,0.0,0.0,58.0,15.0,0.25862068965517243,0.047619047619047616,4.74712643678161,290.0,47.0,0.16206896551724137,0.1492063492063492,2.9748659003831417,579.0,67.0,0.1157167530224525,0.2126984126984127,2.124045288812128
horizon_market,1.0,hk,5782.0,315.0,0.05447941888619855,0.5,1.0,0.00017295053614666206,0.0,0.0,0.0,0.0,58.0,15.0,0.25862068965517243,0.047619047619047616,4.74712643678161,290.0,47.0,0.16206896551724137,0.1492063492063492,2.9748659003831417,579.0,67.0,0.1157167530224525,0.2126984126984127,2.124045288812128
horizon_market,1.0,hk,5782.0,315.0,0.05447941888619855,0.6,1.0,0.00017295053614666206,0.0,0.0,0.0,0.0,58.0,15.0,0.25862068965517243,0.047619047619047616,4.74712643678161,290.0,47.0,0.16206896551724137,0.1492063492063492,2.9748659003831417,579.0,67.0,0.1157167530224525,0.2126984126984127,2.124045288812128
horizon_market,1.0,jp,7886.0,431.0,0.05465381689069237,0.05,3693.0,0.4682982500634035,274.0,0.07419442187923098,0.6357308584686775,0.13288069835111543,79.0,19.0,0.24050632911392406,0.04408352668213457,4.400540397662192,395.0,70.0,0.17721518987341772,0.16241299303944315,3.242503450908984,789.0,107.0,0.13561470215462612,0.2482598607888631,2.4813400027642265
horizon_market,1.0,jp,7886.0,431.0,0.05465381689069237,0.075,1174.0,0.14887141770225717,144.0,0.12265758091993186,0.33410672853828305,0.17943925233644858,79.0,19.0,0.24050632911392406,0.04408352668213457,4.400540397662192,395.0,70.0,0.17721518987341772,0.16241299303944315,3.242503450908984,789.0,107.0,0.13561470215462612,0.2482598607888631,2.4813400027642265
horizon_market,1.0,jp,7886.0,431.0,0.05465381689069237,0.1,310.0,0.03931016992137966,59.0,0.19032258064516128,0.1368909512761021,0.1592442645074224,79.0,19.0,0.24050632911392406,0.04408352668213457,4.400540397662192,395.0,70.0,0.17721518987341772,0.16241299303944315,3.242503450908984,789.0,107.0,0.13561470215462612,0.2482598607888631,2.4813400027642265
horizon_market,1.0,jp,7886.0,431.0,0.05465381689069237,0.15,180.0,0.02282525995434948,43.0,0.2388888888888889,0.09976798143851508,0.14075286415711946,79.0,19.0,0.24050632911392406,0.04408352668213457,4.400540397662192,395.0,70.0,0.17721518987341772,0.16241299303944315,3.242503450908984,789.0,107.0,0.13561470215462612,0.2482598607888631,2.4813400027642265
horizon_market,1.0,jp,7886.0,431.0,0.05465381689069237,0.2,71.0,0.009003296981993406,17.0,0.23943661971830985,0.03944315545243619,0.06772908366533864,79.0,19.0,0.24050632911392406,0.04408352668213457,4.400540397662192,395.0,70.0,0.17721518987341772,0.16241299303944315,3.242503450908984,789.0,107.0,0.13561470215462612,0.2482598607888631,2.4813400027642265
horizon_market,1.0,jp,7886.0,431.0,0.05465381689069237,0.3,0.0,0.0,0.0,0.0,0.0,0.0,79.0,19.0,0.24050632911392406,0.04408352668213457,4.400540397662192,395.0,70.0,0.17721518987341772,0.16241299303944315,3.242503450908984,789.0,107.0,0.13561470215462612,0.2482598607888631,2.4813400027642265
horizon_market,1.0,jp,7886.0,431.0,0.05465381689069237,0.4,0.0,0.0,0.0,0.0,0.0,0.0,79.0,19.0,0.24050632911392406,0.04408352668213457,4.400540397662192,395.0,70.0,0.17721518987341772,0.16241299303944315,3.242503450908984,789.0,107.0,0.13561470215462612,0.2482598607888631,2.4813400027642265
horizon_market,1.0,jp,7886.0,431.0,0.05465381689069237,0.5,0.0,0.0,0.0,0.0,0.0,0.0,79.0,19.0,0.24050632911392406,0.04408352668213457,4.400540397662192,395.0,70.0,0.17721518987341772,0.16241299303944315,3.242503450908984,789.0,107.0,0.13561470215462612,0.2482598607888631,2.4813400027642265
horizon_market,1.0,jp,7886.0,431.0,0.05465381689069237,0.6,0.0,0.0,0.0,0.0,0.0,0.0,79.0,19.0,0.24050632911392406,0.04408352668213457,4.400540397662192,395.0,70.0,0.17721518987341772,0.16241299303944315,3.242503450908984,789.0,107.0,0.13561470215462612,0.2482598607888631,2.4813400027642265
horizon_market,1.0,tw,6702.0,385.0,0.057445538645180545,0.05,3127.0,0.46657714115189497,247.0,0.07898944675407739,0.6415584415584416,0.14066059225512528,68.0,18.0,0.2647058823529412,0.046753246753246755,4.60794499618029,336.0,54.0,0.16071428571428573,0.14025974025974025,2.7976808905380337,671.0,97.0,0.14456035767511177,0.2519480519480519,2.5164766678924653
horizon_market,1.0,tw,6702.0,385.0,0.057445538645180545,0.075,1079.0,0.1609967173977917,131.0,0.12140871177015755,0.34025974025974026,0.17896174863387976,68.0,18.0,0.2647058823529412,0.046753246753246755,4.60794499618029,336.0,54.0,0.16071428571428573,0.14025974025974025,2.7976808905380337,671.0,97.0,0.14456035767511177,0.2519480519480519,2.5164766678924653
horizon_market,1.0,tw,6702.0,385.0,0.057445538645180545,0.1,315.0,0.047000895255147716,52.0,0.16507936507936508,0.13506493506493505,0.14857142857142855,68.0,18.0,0.2647058823529412,0.046753246753246755,4.60794499618029,336.0,54.0,0.16071428571428573,0.14025974025974025,2.7976808905380337,671.0,97.0,0.14456035767511177,0.2519480519480519,2.5164766678924653
horizon_market,1.0,tw,6702.0,385.0,0.057445538645180545,0.15,171.0,0.025514771709937333,36.0,0.21052631578947367,0.09350649350649351,0.1294964028776978,68.0,18.0,0.2647058823529412,0.046753246753246755,4.60794499618029,336.0,54.0,0.16071428571428573,0.14025974025974025,2.7976808905380337,671.0,97.0,0.14456035767511177,0.2519480519480519,2.5164766678924653
horizon_market,1.0,tw,6702.0,385.0,0.057445538645180545,0.2,55.0,0.008206505520740077,16.0,0.2909090909090909,0.04155844155844156,0.07272727272727272,68.0,18.0,0.2647058823529412,0.046753246753246755,4.60794499618029,336.0,54.0,0.16071428571428573,0.14025974025974025,2.7976808905380337,671.0,97.0,0.14456035767511177,0.2519480519480519,2.5164766678924653
horizon_market,1.0,tw,6702.0,385.0,0.057445538645180545,0.3,1.0,0.00014920919128618324,1.0,1.0,0.0025974025974025974,0.0051813471502590676,68.0,18.0,0.2647058823529412,0.046753246753246755,4.60794499618029,336.0,54.0,0.16071428571428573,0.14025974025974025,2.7976808905380337,671.0,97.0,0.14456035767511177,0.2519480519480519,2.5164766678924653
horizon_market,1.0,tw,6702.0,385.0,0.057445538645180545,0.4,1.0,0.00014920919128618324,1.0,1.0,0.0025974025974025974,0.0051813471502590676,68.0,18.0,0.2647058823529412,0.046753246753246755,4.60794499618029,336.0,54.0,0.16071428571428573,0.14025974025974025,2.7976808905380337,671.0,97.0,0.14456035767511177,0.2519480519480519,2.5164766678924653
horizon_market,1.0,tw,6702.0,385.0,0.057445538645180545,0.5,1.0,0.00014920919128618324,1.0,1.0,0.0025974025974025974,0.0051813471502590676,68.0,18.0,0.2647058823529412,0.046753246753246755,4.60794499618029,336.0,54.0,0.16071428571428573,0.14025974025974025,2.7976808905380337,671.0,97.0,0.14456035767511177,0.2519480519480519,2.5164766678924653
horizon_market,1.0,tw,6702.0,385.0,0.057445538645180545,0.6,1.0,0.00014920919128618324,1.0,1.0,0.0025974025974025974,0.0051813471502590676,68.0,18.0,0.2647058823529412,0.046753246753246755,4.60794499618029,336.0,54.0,0.16071428571428573,0.14025974025974025,2.7976808905380337,671.0,97.0,0.14456035767511177,0.2519480519480519,2.5164766678924653
horizon_market,1.0,us,8168.0,437.0,0.05350146914789422,0.05,3675.0,0.4499265426052889,299.0,0.08136054421768707,0.6842105263157895,0.14542801556420232,82.0,33.0,0.4024390243902439,0.07551487414187644,7.522018195010326,409.0,78.0,0.19070904645476772,0.17848970251716248,3.564557188655704,817.0,112.0,0.13708690330477355,0.2562929061784897,2.562301661769772
horizon_market,1.0,us,8168.0,437.0,0.05350146914789422,0.075,1415.0,0.17323702252693438,156.0,0.11024734982332156,0.35697940503432496,0.16846652267818574,82.0,33.0,0.4024390243902439,0.07551487414187644,7.522018195010326,409.0,78.0,0.19070904645476772,0.17848970251716248,3.564557188655704,817.0,112.0,0.13708690330477355,0.2562929061784897,2.562301661769772
horizon_market,1.0,us,8168.0,437.0,0.05350146914789422,0.1,440.0,0.05386875612144956,80.0,0.18181818181818182,0.18306636155606407,0.1824401368301026,82.0,33.0,0.4024390243902439,0.07551487414187644,7.522018195010326,409.0,78.0,0.19070904645476772,0.17848970251716248,3.564557188655704,817.0,112.0,0.13708690330477355,0.2562929061784897,2.562301661769772
horizon_market,1.0,us,8168.0,437.0,0.05350146914789422,0.15,203.0,0.024853085210577865,52.0,0.2561576354679803,0.11899313501144165,0.1625,82.0,33.0,0.4024390243902439,0.07551487414187644,7.522018195010326,409.0,78.0,0.19070904645476772,0.17848970251716248,3.564557188655704,817.0,112.0,0.13708690330477355,0.2562929061784897,2.562301661769772
horizon_market,1.0,us,8168.0,437.0,0.05350146914789422,0.2,74.0,0.009059745347698335,31.0,0.4189189189189189,0.07093821510297482,0.12133072407045009,82.0,33.0,0.4024390243902439,0.07551487414187644,7.522018195010326,409.0,78.0,0.19070904645476772,0.17848970251716248,3.564557188655704,817.0,112.0,0.13708690330477355,0.2562929061784897,2.562301661769772
horizon_market,1.0,us,8168.0,437.0,0.05350146914789422,0.3,5.0,0.0006121449559255632,3.0,0.6,0.006864988558352402,0.013574660633484162,82.0,33.0,0.4024390243902439,0.07551487414187644,7.522018195010326,409.0,78.0,0.19070904645476772,0.17848970251716248,3.564557188655704,817.0,112.0,0.13708690330477355,0.2562929061784897,2.562301661769772
horizon_market,1.0,us,8168.0,437.0,0.05350146914789422,0.4,5.0,0.0006121449559255632,3.0,0.6,0.006864988558352402,0.013574660633484162,82.0,33.0,0.4024390243902439,0.07551487414187644,7.522018195010326,409.0,78.0,0.19070904645476772,0.17848970251716248,3.564557188655704,817.0,112.0,0.13708690330477355,0.2562929061784897,2.562301661769772
horizon_market,1.0,us,8168.0,437.0,0.05350146914789422,0.5,5.0,0.0006121449559255632,3.0,0.6,0.006864988558352402,0.013574660633484162,82.0,33.0,0.4024390243902439,0.07551487414187644,7.522018195010326,409.0,78.0,0.19070904645476772,0.17848970251716248,3.564557188655704,817.0,112.0,0.13708690330477355,0.2562929061784897,2.562301661769772
horizon_market,1.0,us,8168.0,437.0,0.05350146914789422,0.6,5.0,0.0006121449559255632,3.0,0.6,0.006864988558352402,0.013574660633484162,82.0,33.0,0.4024390243902439,0.07551487414187644,7.522018195010326,409.0,78.0,0.19070904645476772,0.17848970251716248,3.564557188655704,817.0,112.0,0.13708690330477355,0.2562929061784897,2.562301661769772
horizon_market,5.0,cn,5676.0,277.0,0.048801973220577874,0.05,4380.0,0.7716701902748414,243.0,0.05547945205479452,0.8772563176895307,0.10435902941808031,57.0,11.0,0.19298245614035087,0.039711191335740074,3.9543986319589584,284.0,40.0,0.14084507042253522,0.1444043321299639,2.8860527787664614,568.0,65.0,0.11443661971830986,0.23465703971119134,2.34491788274775
horizon_market,5.0,cn,5676.0,277.0,0.048801973220577874,0.075,210.0,0.03699788583509514,36.0,0.17142857142857143,0.1299638989169675,0.14784394250513347,57.0,11.0,0.19298245614035087,0.039711191335740074,3.9543986319589584,284.0,40.0,0.14084507042253522,0.1444043321299639,2.8860527787664614,568.0,65.0,0.11443661971830986,0.23465703971119134,2.34491788274775
horizon_market,5.0,cn,5676.0,277.0,0.048801973220577874,0.1,209.0,0.03682170542635659,36.0,0.1722488038277512,0.1299638989169675,0.14814814814814817,57.0,11.0,0.19298245614035087,0.039711191335740074,3.9543986319589584,284.0,40.0,0.14084507042253522,0.1444043321299639,2.8860527787664614,568.0,65.0,0.11443661971830986,0.23465703971119134,2.34491788274775
horizon_market,5.0,cn,5676.0,277.0,0.048801973220577874,0.15,49.0,0.008632840028188865,10.0,0.20408163265306123,0.036101083032490974,0.06134969325153374,57.0,11.0,0.19298245614035087,0.039711191335740074,3.9543986319589584,284.0,40.0,0.14084507042253522,0.1444043321299639,2.8860527787664614,568.0,65.0,0.11443661971830986,0.23465703971119134,2.34491788274775
horizon_market,5.0,cn,5676.0,277.0,0.048801973220577874,0.2,47.0,0.00828047921071177,10.0,0.2127659574468085,0.036101083032490974,0.0617283950617284,57.0,11.0,0.19298245614035087,0.039711191335740074,3.9543986319589584,284.0,40.0,0.14084507042253522,0.1444043321299639,2.8860527787664614,568.0,65.0,0.11443661971830986,0.23465703971119134,2.34491788274775
horizon_market,5.0,cn,5676.0,277.0,0.048801973220577874,0.3,0.0,0.0,0.0,0.0,0.0,0.0,57.0,11.0,0.19298245614035087,0.039711191335740074,3.9543986319589584,284.0,40.0,0.14084507042253522,0.1444043321299639,2.8860527787664614,568.0,65.0,0.11443661971830986,0.23465703971119134,2.34491788274775
horizon_market,5.0,cn,5676.0,277.0,0.048801973220577874,0.4,0.0,0.0,0.0,0.0,0.0,0.0,57.0,11.0,0.19298245614035087,0.039711191335740074,3.9543986319589584,284.0,40.0,0.14084507042253522,0.1444043321299639,2.8860527787664614,568.0,65.0,0.11443661971830986,0.23465703971119134,2.34491788274775
horizon_market,5.0,cn,5676.0,277.0,0.048801973220577874,0.5,0.0,0.0,0.0,0.0,0.0,0.0,57.0,11.0,0.19298245614035087,0.039711191335740074,3.9543986319589584,284.0,40.0,0.14084507042253522,0.1444043321299639,2.8860527787664614,568.0,65.0,0.11443661971830986,0.23465703971119134,2.34491788274775
horizon_market,5.0,cn,5676.0,277.0,0.048801973220577874,0.6,0.0,0.0,0.0,0.0,0.0,0.0,57.0,11.0,0.19298245614035087,0.039711191335740074,3.9543986319589584,284.0,40.0,0.14084507042253522,0.1444043321299639,2.8860527787664614,568.0,65.0,0.11443661971830986,0.23465703971119134,2.34491788274775
horizon_market,5.0,hk,5750.0,330.0,0.057391304347826085,0.05,4265.0,0.7417391304347826,265.0,0.06213364595545135,0.803030303030303,0.11534276387377584,58.0,21.0,0.3620689655172414,0.06363636363636363,6.308777429467085,288.0,40.0,0.1388888888888889,0.12121212121212122,2.4200336700336704,575.0,50.0,0.08695652173913043,0.15151515151515152,1.5151515151515151
horizon_market,5.0,hk,5750.0,330.0,0.057391304347826085,0.075,191.0,0.033217391304347824,39.0,0.20418848167539266,0.11818181818181818,0.14971209213051823,58.0,21.0,0.3620689655172414,0.06363636363636363,6.308777429467085,288.0,40.0,0.1388888888888889,0.12121212121212122,2.4200336700336704,575.0,50.0,0.08695652173913043,0.15151515151515152,1.5151515151515151
horizon_market,5.0,hk,5750.0,330.0,0.057391304347826085,0.1,191.0,0.033217391304347824,39.0,0.20418848167539266,0.11818181818181818,0.14971209213051823,58.0,21.0,0.3620689655172414,0.06363636363636363,6.308777429467085,288.0,40.0,0.1388888888888889,0.12121212121212122,2.4200336700336704,575.0,50.0,0.08695652173913043,0.15151515151515152,1.5151515151515151
horizon_market,5.0,hk,5750.0,330.0,0.057391304347826085,0.15,41.0,0.0071304347826086955,18.0,0.43902439024390244,0.05454545454545454,0.09703504043126683,58.0,21.0,0.3620689655172414,0.06363636363636363,6.308777429467085,288.0,40.0,0.1388888888888889,0.12121212121212122,2.4200336700336704,575.0,50.0,0.08695652173913043,0.15151515151515152,1.5151515151515151
horizon_market,5.0,hk,5750.0,330.0,0.057391304347826085,0.2,39.0,0.006782608695652174,17.0,0.4358974358974359,0.051515151515151514,0.0921409214092141,58.0,21.0,0.3620689655172414,0.06363636363636363,6.308777429467085,288.0,40.0,0.1388888888888889,0.12121212121212122,2.4200336700336704,575.0,50.0,0.08695652173913043,0.15151515151515152,1.5151515151515151
horizon_market,5.0,hk,5750.0,330.0,0.057391304347826085,0.3,0.0,0.0,0.0,0.0,0.0,0.0,58.0,21.0,0.3620689655172414,0.06363636363636363,6.308777429467085,288.0,40.0,0.1388888888888889,0.12121212121212122,2.4200336700336704,575.0,50.0,0.08695652173913043,0.15151515151515152,1.5151515151515151
horizon_market,5.0,hk,5750.0,330.0,0.057391304347826085,0.4,0.0,0.0,0.0,0.0,0.0,0.0,58.0,21.0,0.3620689655172414,0.06363636363636363,6.308777429467085,288.0,40.0,0.1388888888888889,0.12121212121212122,2.4200336700336704,575.0,50.0,0.08695652173913043,0.15151515151515152,1.5151515151515151
horizon_market,5.0,hk,5750.0,330.0,0.057391304347826085,0.5,0.0,0.0,0.0,0.0,0.0,0.0,58.0,21.0,0.3620689655172414,0.06363636363636363,6.308777429467085,288.0,40.0,0.1388888888888889,0.12121212121212122,2.4200336700336704,575.0,50.0,0.08695652173913043,0.15151515151515152,1.5151515151515151
horizon_market,5.0,hk,5750.0,330.0,0.057391304347826085,0.6,0.0,0.0,0.0,0.0,0.0,0.0,58.0,21.0,0.3620689655172414,0.06363636363636363,6.308777429467085,288.0,40.0,0.1388888888888889,0.12121212121212122,2.4200336700336704,575.0,50.0,0.08695652173913043,0.15151515151515152,1.5151515151515151
horizon_market,5.0,jp,7854.0,467.0,0.05946014769544181,0.05,6027.0,0.767379679144385,423.0,0.07018417122946739,0.9057815845824411,0.1302740991684632,79.0,17.0,0.21518987341772153,0.03640256959314775,3.61906052638712,393.0,65.0,0.16539440203562342,0.139186295503212,2.781600928453504,786.0,105.0,0.13358778625954199,0.22483940042826553,2.246677672981676
horizon_market,5.0,jp,7854.0,467.0,0.05946014769544181,0.075,276.0,0.03514132925897632,54.0,0.1956521739130435,0.11563169164882227,0.14535666218034993,79.0,17.0,0.21518987341772153,0.03640256959314775,3.61906052638712,393.0,65.0,0.16539440203562342,0.139186295503212,2.781600928453504,786.0,105.0,0.13358778625954199,0.22483940042826553,2.246677672981676
horizon_market,5.0,jp,7854.0,467.0,0.05946014769544181,0.1,274.0,0.034886681945505475,53.0,0.19343065693430658,0.11349036402569593,0.14304993252361672,79.0,17.0,0.21518987341772153,0.03640256959314775,3.61906052638712,393.0,65.0,0.16539440203562342,0.139186295503212,2.781600928453504,786.0,105.0,0.13358778625954199,0.22483940042826553,2.246677672981676
horizon_market,5.0,jp,7854.0,467.0,0.05946014769544181,0.15,49.0,0.006238859180035651,10.0,0.20408163265306123,0.021413276231263382,0.03875968992248062,79.0,17.0,0.21518987341772153,0.03640256959314775,3.61906052638712,393.0,65.0,0.16539440203562342,0.139186295503212,2.781600928453504,786.0,105.0,0.13358778625954199,0.22483940042826553,2.246677672981676
horizon_market,5.0,jp,7854.0,467.0,0.05946014769544181,0.2,48.0,0.006111535523300229,10.0,0.20833333333333334,0.021413276231263382,0.038834951456310676,79.0,17.0,0.21518987341772153,0.03640256959314775,3.61906052638712,393.0,65.0,0.16539440203562342,0.139186295503212,2.781600928453504,786.0,105.0,0.13358778625954199,0.22483940042826553,2.246677672981676
horizon_market,5.0,jp,7854.0,467.0,0.05946014769544181,0.3,0.0,0.0,0.0,0.0,0.0,0.0,79.0,17.0,0.21518987341772153,0.03640256959314775,3.61906052638712,393.0,65.0,0.16539440203562342,0.139186295503212,2.781600928453504,786.0,105.0,0.13358778625954199,0.22483940042826553,2.246677672981676
horizon_market,5.0,jp,7854.0,467.0,0.05946014769544181,0.4,0.0,0.0,0.0,0.0,0.0,0.0,79.0,17.0,0.21518987341772153,0.03640256959314775,3.61906052638712,393.0,65.0,0.16539440203562342,0.139186295503212,2.781600928453504,786.0,105.0,0.13358778625954199,0.22483940042826553,2.246677672981676
horizon_market,5.0,jp,7854.0,467.0,0.05946014769544181,0.5,0.0,0.0,0.0,0.0,0.0,0.0,79.0,17.0,0.21518987341772153,0.03640256959314775,3.61906052638712,393.0,65.0,0.16539440203562342,0.139186295503212,2.781600928453504,786.0,105.0,0.13358778625954199,0.22483940042826553,2.246677672981676
horizon_market,5.0,jp,7854.0,467.0,0.05946014769544181,0.6,0.0,0.0,0.0,0.0,0.0,0.0,79.0,17.0,0.21518987341772153,0.03640256959314775,3.61906052638712,393.0,65.0,0.16539440203562342,0.139186295503212,2.781600928453504,786.0,105.0,0.13358778625954199,0.22483940042826553,2.246677672981676
horizon_market,5.0,tw,6670.0,404.0,0.06056971514242879,0.05,5003.0,0.7500749625187406,368.0,0.07355586648011193,0.9108910891089109,0.13611984464582946,67.0,10.0,0.14925373134328357,0.024752475247524754,2.464164326880449,334.0,45.0,0.1347305389221557,0.11138613861386139,2.2243878579474714,667.0,91.0,0.136431784107946,0.22524752475247525,2.2524752475247523
horizon_market,5.0,tw,6670.0,404.0,0.06056971514242879,0.075,256.0,0.038380809595202396,36.0,0.140625,0.0891089108910891,0.10909090909090909,67.0,10.0,0.14925373134328357,0.024752475247524754,2.464164326880449,334.0,45.0,0.1347305389221557,0.11138613861386139,2.2243878579474714,667.0,91.0,0.136431784107946,0.22524752475247525,2.2524752475247523
horizon_market,5.0,tw,6670.0,404.0,0.06056971514242879,0.1,256.0,0.038380809595202396,36.0,0.140625,0.0891089108910891,0.10909090909090909,67.0,10.0,0.14925373134328357,0.024752475247524754,2.464164326880449,334.0,45.0,0.1347305389221557,0.11138613861386139,2.2243878579474714,667.0,91.0,0.136431784107946,0.22524752475247525,2.2524752475247523
horizon_market,5.0,tw,6670.0,404.0,0.06056971514242879,0.15,48.0,0.00719640179910045,8.0,0.16666666666666666,0.019801980198019802,0.03539823008849558,67.0,10.0,0.14925373134328357,0.024752475247524754,2.464164326880449,334.0,45.0,0.1347305389221557,0.11138613861386139,2.2243878579474714,667.0,91.0,0.136431784107946,0.22524752475247525,2.2524752475247523
horizon_market,5.0,tw,6670.0,404.0,0.06056971514242879,0.2,46.0,0.006896551724137931,8.0,0.17391304347826086,0.019801980198019802,0.035555555555555556,67.0,10.0,0.14925373134328357,0.024752475247524754,2.464164326880449,334.0,45.0,0.1347305389221557,0.11138613861386139,2.2243878579474714,667.0,91.0,0.136431784107946,0.22524752475247525,2.2524752475247523
horizon_market,5.0,tw,6670.0,404.0,0.06056971514242879,0.3,0.0,0.0,0.0,0.0,0.0,0.0,67.0,10.0,0.14925373134328357,0.024752475247524754,2.464164326880449,334.0,45.0,0.1347305389221557,0.11138613861386139,2.2243878579474714,667.0,91.0,0.136431784107946,0.22524752475247525,2.2524752475247523
horizon_market,5.0,tw,6670.0,404.0,0.06056971514242879,0.4,0.0,0.0,0.0,0.0,0.0,0.0,67.0,10.0,0.14925373134328357,0.024752475247524754,2.464164326880449,334.0,45.0,0.1347305389221557,0.11138613861386139,2.2243878579474714,667.0,91.0,0.136431784107946,0.22524752475247525,2.2524752475247523
horizon_market,5.0,tw,6670.0,404.0,0.06056971514242879,0.5,0.0,0.0,0.0,0.0,0.0,0.0,67.0,10.0,0.14925373134328357,0.024752475247524754,2.464164326880449,334.0,45.0,0.1347305389221557,0.11138613861386139,2.2243878579474714,667.0,91.0,0.136431784107946,0.22524752475247525,2.2524752475247523
horizon_market,5.0,tw,6670.0,404.0,0.06056971514242879,0.6,0.0,0.0,0.0,0.0,0.0,0.0,67.0,10.0,0.14925373134328357,0.024752475247524754,2.464164326880449,334.0,45.0,0.1347305389221557,0.11138613861386139,2.2243878579474714,667.0,91.0,0.136431784107946,0.22524752475247525,2.2524752475247523
horizon_market,5.0,us,8136.0,452.0,0.05555555555555555,0.05,6270.0,0.7706489675516224,409.0,0.06523125996810207,0.9048672566371682,0.12168997322225526,82.0,21.0,0.25609756097560976,0.046460176991150445,4.609756097560976,407.0,53.0,0.13022113022113022,0.1172566371681416,2.343980343980344,814.0,104.0,0.12776412776412777,0.23008849557522124,2.2997542997543
horizon_market,5.0,us,8136.0,452.0,0.05555555555555555,0.075,463.0,0.05690757128810226,62.0,0.13390928725701945,0.13716814159292035,0.13551912568306013,82.0,21.0,0.25609756097560976,0.046460176991150445,4.609756097560976,407.0,53.0,0.13022113022113022,0.1172566371681416,2.343980343980344,814.0,104.0,0.12776412776412777,0.23008849557522124,2.2997542997543
horizon_market,5.0,us,8136.0,452.0,0.05555555555555555,0.1,461.0,0.05666175024582104,62.0,0.13449023861171366,0.13716814159292035,0.13581599123767799,82.0,21.0,0.25609756097560976,0.046460176991150445,4.609756097560976,407.0,53.0,0.13022113022113022,0.1172566371681416,2.343980343980344,814.0,104.0,0.12776412776412777,0.23008849557522124,2.2997542997543
horizon_market,5.0,us,8136.0,452.0,0.05555555555555555,0.15,90.0,0.011061946902654867,21.0,0.23333333333333334,0.046460176991150445,0.07749077490774908,82.0,21.0,0.25609756097560976,0.046460176991150445,4.609756097560976,407.0,53.0,0.13022113022113022,0.1172566371681416,2.343980343980344,814.0,104.0,0.12776412776412777,0.23008849557522124,2.2997542997543
horizon_market,5.0,us,8136.0,452.0,0.05555555555555555,0.2,88.0,0.010816125860373648,21.0,0.23863636363636365,0.046460176991150445,0.07777777777777778,82.0,21.0,0.25609756097560976,0.046460176991150445,4.609756097560976,407.0,53.0,0.13022113022113022,0.1172566371681416,2.343980343980344,814.0,104.0,0.12776412776412777,0.23008849557522124,2.2997542997543
horizon_market,5.0,us,8136.0,452.0,0.05555555555555555,0.3,0.0,0.0,0.0,0.0,0.0,0.0,82.0,21.0,0.25609756097560976,0.046460176991150445,4.609756097560976,407.0,53.0,0.13022113022113022,0.1172566371681416,2.343980343980344,814.0,104.0,0.12776412776412777,0.23008849557522124,2.2997542997543
horizon_market,5.0,us,8136.0,452.0,0.05555555555555555,0.4,0.0,0.0,0.0,0.0,0.0,0.0,82.0,21.0,0.25609756097560976,0.046460176991150445,4.609756097560976,407.0,53.0,0.13022113022113022,0.1172566371681416,2.343980343980344,814.0,104.0,0.12776412776412777,0.23008849557522124,2.2997542997543
horizon_market,5.0,us,8136.0,452.0,0.05555555555555555,0.5,0.0,0.0,0.0,0.0,0.0,0.0,82.0,21.0,0.25609756097560976,0.046460176991150445,4.609756097560976,407.0,53.0,0.13022113022113022,0.1172566371681416,2.343980343980344,814.0,104.0,0.12776412776412777,0.23008849557522124,2.2997542997543
horizon_market,5.0,us,8136.0,452.0,0.05555555555555555,0.6,0.0,0.0,0.0,0.0,0.0,0.0,82.0,21.0,0.25609756097560976,0.046460176991150445,4.609756097560976,407.0,53.0,0.13022113022113022,0.1172566371681416,2.343980343980344,814.0,104.0,0.12776412776412777,0.23008849557522124,2.2997542997543
